place_id,name,formatted_address,city,state,postal_code,phone_national,phone_international,website,lat,lng,types
ChIJpXMSt6tZzpQRfXVteB8wnI4,Droga Vegetal (DV Naturais),"Praça Dr. João Mendes, 43 - Sé, São Paulo - SP, 01501-001, Brazil",São Paulo,SP,01501-001,(11) 3107-4838,+55 11 3107-4838,,-23.551558,-46.634935999999996,drugstore|pharmacy|grocery_store|food_store|health|food|store|point_of_interest|establishment
ChIJqagqhElYzpQR0NFzkoeS80M,Farmalisé - Consolação,"R. da Consolação, 835 - Consolação, São Paulo - SP, 01302-000, Brazil",São Paulo,SP,01302-000,(11) 3259-8565,+55 11 3259-8565,http://farmalise.com.br/,-23.548241599999997,-46.6492608,drugstore|pharmacy|health|store|point_of_interest|establishment
ChIJq0e-4K1ZzpQRhKGF21oMJuw,Drogaria Central 2,"R. Santo Amaro, 572 - Bela Vista, São Paulo - SP, 01315-000, Brazil",São Paulo,SP,01315-000,(11) 93071-4771,+55 11 93071-4771,,-23.554783699999998,-46.6404123,drugstore|pharmacy|health|store|point_of_interest|establishment
ChIJsyvcHF5ZzpQRxzrfA--GCL0,Ultrafarma - Unidade Liberdade,"R. da Glória, 174 - Liberdade, São Paulo - SP, 01510-000, Brazil",São Paulo,SP,01510-000,(11) 95649-5458,+55 11 95649-5458,,-23.554786,-46.6345429,drugstore|pharmacy|health|store|point_of_interest|establishment
ChIJJ0JYWEhYzpQRN3q0LfWZpWE,Farma & Cia,"R. Maj. Sertório, 478 - Vila Buarque, São Paulo - SP, 01222-000, Brazil",São Paulo,SP,01222-000,(11) 3333-6636,+55 11 3333-6636,http://www.farmaecia.com.br/,-23.545292500000002,-46.648750799999995,drugstore|pharmacy|point_of_interest|store|health|establishment
ChIJsZyPsrxZzpQR2pqYRtv189E,Farmais - Maestro Cardim,"R. Maestro Cardim, 479 - Bela Vista, São Paulo - SP, 01323-000, Brazil",São Paulo,SP,01323-000,(11) 3289-0219,+55 11 3289-0219,http://www.farmais.com.br/,-23.565195,-46.641317,pharmacy|drugstore|health|store|point_of_interest|establishment
ChIJJaz5UK1ZzpQR5jFl1ejVSK4,Interativa Farma,"Viaduto Jacareí, 159 - Bela Vista, São Paulo - SP, 01319-020, Brazil",São Paulo,SP,01319-020,(11) 3112-8332,+55 11 3112-8332,,-23.550924,-46.6419706,drugstore|health|store|point_of_interest|establishment
ChIJEbS3t6tZzpQRcqrCOLvvHbk,Farma Conde,"Praça Dr. João Mendes, 19 - Centro Histórico de São Paulo, São Paulo - SP, 01501-001, Brazil",São Paulo,SP,01501-001,(11) 3101-7798,+55 11 3101-7798,http://www.farmaconde.com.br/,-23.5514452,-46.6351106,pharmacy|drugstore|health|store|point_of_interest|establishment
ChIJT3dxhqBZzpQR5aszR0C_pTA,Drogaria aclimafarma ltda,"R. Conselheiro Furtado, 1213 - Liberdade, São Paulo - SP, 01511-000, Brazil",São Paulo,SP,01511-000,(11) 3275-0394,+55 11 3275-0394,https://www.instagram.com/drogariaaclimafarma/,-23.563747100000004,-46.6323547,pharmacy|drugstore|health|store|point_of_interest|establishment
ChIJCa9U60pYzpQR8PMkeUfZ9yQ,Droga Raia,"RUA FREI CANECA, 462 - 466 Esquina - R. Dona Antônia de Queirós, 38 - e 40 - Consolação, São Paulo - SP, 01307-000, Brazil",São Paulo,SP,01307-000,(11) 97248-2087,+55 11 97248-2087,,-23.5529704,-46.6519798,pharmacy|health|store|point_of_interest|establishment
ChIJ8T7lpLRZzpQREoTdFPY8vNo,Drugstore St. Judas Tadeu,"Atendimento on-line Via whatsap (1R - R. Treze de Maio, 27 - Bela Vista, São Paulo - SP, 01327-000, Brazil",São Paulo,SP,01327-000,(11) 91563-1493,+55 11 91563-1493,,-23.5532677,-46.6468194,drugstore|pharmacy|health|store|point_of_interest|establishment
ChIJpVn4Zr9ZzpQRZukiwDOd-Kg,Drogasil,"Av. Brigadeiro Luís Antônio, 767 - Bela Vista, São Paulo - SP, 01317-001, Brazil",São Paulo,SP,01317-001,(11) 99802-9050,+55 11 99802-9050,,-23.556887099999997,-46.6399198,pharmacy|point_of_interest|store|health|establishment
ChIJWTRZNU1YzpQRmLrn0uDUbzI,Drogasil,"R. Santo Antônio, 459 - Loja 3 - Bela Vista, São Paulo - SP, 01314-000, Brazil",São Paulo,SP,01314-000,(11) 99627-4672,+55 11 99627-4672,,-23.551014199999997,-46.6427914,pharmacy|health|store|point_of_interest|establishment
ChIJFVqf4ahZzpQRVrrSh-9Ayqg,Drugstore Liberdade Drogaria E Perfumaria Ltda,"R. Galvão Bueno, 22 - Liberdade, São Paulo - SP, 01506-030, Brazil",São Paulo,SP,01506-030,,,,-23.5557788,-46.6354009,drugstore|pharmacy|health|store|point_of_interest|establishment
ChIJt8u1eO1ZzpQRAr2f2GWd_eY,Drogaria Sao Paulo,"R. Maestro Cardim, 297 - Liberdade, São Paulo - SP, 01323-000, Brazil",São Paulo,SP,01323-000,(11) 99862-9746,+55 11 99862-9746,https://www.drogariasaopaulo.com.br/,-23.563589699999998,-46.6409257,pharmacy|drugstore|health|store|point_of_interest|establishment
ChIJFa2BsbJZzpQREY90NKMZZ3g,Farma & Cia,"Viaduto Jacareí, 159 - Bela Vista, São Paulo - SP, 01319-020, Brazil",São Paulo,SP,01319-020,(11) 3107-7780,+55 11 3107-7780,http://www.farmaecia.com.br/,-23.550870099999997,-46.641896599999995,pharmacy|clothing_store|health|store|point_of_interest|establishment
ChIJmTSE5hmzymkRmKzpmosYmqM,Eletricista do Bairro,"R. Alecrim, 769 - Vila Kosmos, Rio de Janeiro - RJ, 21220-050, Brazil",Rio de Janeiro,RJ,21220-050,(21) 98909-4393,+55 21 98909-4393,http://www.eletricistadobairro.com.br/,-22.855721799999998,-43.305147999999996,electrician|point_of_interest|establishment
ChIJzUZ3nibVmwARl9bK8wdIH2c,Carlos eletricista & bombeiro hidráulico,"Rua figuereido de Magalhães - Av. Nossa Sra. de Copacabana - Copacabana, Rio de Janeiro - RJ, 22031-012, Brazil",Rio de Janeiro,RJ,22031-012,(21) 99682-3206,+55 21 99682-3206,,-22.9680134,-43.18791470000001,electrician|point_of_interest|establishment
ChIJzyY3gGV9mQARluOKzoQPA6U,Eletricista Rio de Janeiro - Técnico Muka Eletrodiver,"Av. Maracanã, 987 - Tijuca, Rio de Janeiro - RJ, 20511-000, Brazil",Rio de Janeiro,RJ,20511-000,,,,-22.9218629,-43.2356409,electrician|point_of_interest|establishment
ChIJjw6Ph3xvmQARmSY210dZqaM,"GABRIEL ROBERTO ELETRICISTA( reparos e manutenção elétrica)Tijuca, vila Isabel, Grajau, Maracanã","Praça Varnhagem, 9 - Tijuca, Rio de Janeiro - RJ, 20511-020, Brazil",Rio de Janeiro,RJ,20511-020,,,,-22.918936799999997,-43.2348226,electrician|point_of_interest|establishment
ChIJA4RqEHJlmQARKHtkfAZfgn4,Reais Soluções Refrigeração e Serviços Elétricos Ltda,"Av. Mal. Câmara, 160 - Centro, Rio de Janeiro - RJ, 20020-907, Brazil",Rio de Janeiro,RJ,20020-907,(21) 98529-0845,+55 21 98529-0845,http://www.reaissolucoes.com.br/,-22.909416099999998,-43.1692952,electrician|point_of_interest|establishment
ChIJQ1R3C25xmQARn34Z5wFLIxg,Orlando instalações elétricas- Rio de Janeiro,"Av. Nossa Sra. de Copacabana, 610 - SL 706 - Copacabana, Rio de Janeiro - RJ, 22050-001, Brazil",Rio de Janeiro,RJ,22050-001,(21) 99787-3933,+55 21 99787-3933,https://olinstalacaoeletrica.webnode.com/,-22.969684899999997,-43.1855841,electrician|point_of_interest|establishment
ChIJDzvBvsbVmwAR363OTPsKssQ,ELETRICISTA,"Pr. Saenz Peña - Tijuca, Rio de Janeiro - RJ, 20520-090, Brazil",Rio de Janeiro,RJ,20520-090,(21) 98751-5929,+55 21 98751-5929,http://api.whatsapp.com/send/?phone=5521987515929,-22.9243776,-43.2324114,electrician|point_of_interest|establishment
ChIJwUSCbP1_mQAR7aYe31aPREA,R3M Engenharia Elétrica,"Av. Almirante Barroso 63, salas 514 e 515 - Centro, Rio de Janeiro - RJ, 20031-003, Brazil",Rio de Janeiro,RJ,20031-003,(21) 96407-8147,+55 21 96407-8147,http://www.r3minstalacoes.com.br/,-22.9076387,-43.1759671,electrician|point_of_interest|establishment
ChIJi3VllYAKrWgRUiUhNhj-cIo,ELETRICISTA - Wallbox Instalação Rápida BYD GWM/Instalações Elétricas,"R. Gen. Gurjão, 521 - Caju, Rio de Janeiro - RJ, 20931-040, Brazil",Rio de Janeiro,RJ,20931-040,(21) 96597-8924,+55 21 96597-8924,https://www.instagram.com/felipytec_eletrica/,-22.8780255,-43.2151912,electrician|point_of_interest|establishment
ChIJb61Aizx9mQARp2cHiIOofV4,Eletricista Mailson Erick,"R. Conde de Azambuja - Maria da Graça, Rio de Janeiro - RJ, 20785-342, Brazil",Rio de Janeiro,RJ,20785-342,(21) 96903-4907,+55 21 96903-4907,,-22.882555099999998,-43.260903899999995,electrician|point_of_interest|establishment
ChIJQcXXCud_mQARSfAmyfRvR-g,Nil Elétrica - Eletricista Residencial 24 horas RJ,"R. Argentina, n° 146 - casa 202 - Imperial de São Cristóvão, Rio de Janeiro - RJ, 20921-380, Brazil",Rio de Janeiro,RJ,20921-380,(21) 97139-7303,+55 21 97139-7303,http://nileletrica.com.br/,-22.891939,-43.225589,electrician|point_of_interest|establishment
ChIJTWQt80NnmQARMxwilNnpoUo,ELETRICISTA E HIDRÁULICO 24 HORAS,"R. Sacadura Cabral, 217 - Centro, Rio de Janeiro - RJ, 20221-160, Brazil",Rio de Janeiro,RJ,20221-160,(21) 97714-4441,+55 21 97714-4441,https://24hsosinstalacoes.com.br/?utm_source=google&utm_medium=wix_google_business_profile&utm_campaign=2240873638602152427,-22.8973469,-43.1893105,electrician|plumber|painter|general_contractor|point_of_interest|establishment
ChIJv_iDrEd_mQARvr7a_QE43uo,Welton eletrica,"R. Teófilo Otoni, 89 - Centro, Rio de Janeiro - RJ, 20090-080, Brazil",Rio de Janeiro,RJ,20090-080,(21) 98822-1114,+55 21 98822-1114,,-22.9006407,-43.180044599999995,electrician|point_of_interest|establishment
ChIJ21578YR_mQARRKhicP_wAlU,Eletricista JRM Instalações Elétricas,"R. das Laranjeiras, 336 - Loja 68 - Laranjeiras, Rio de Janeiro - RJ, 22240-003, Brazil",Rio de Janeiro,RJ,22240-003,(21) 97104-3770,+55 21 97104-3770,http://www.solucoeseletricas.com.br/,-22.9354528,-43.189613099999995,electrician|point_of_interest|establishment
ChIJ-zyYoq5_mQARg89P4KmWcvI,Cristiano eletricista predial e residencial,"R. Cap. Félix, 110 - Benfica, Rio de Janeiro - RJ, 20920-310, Brazil",Rio de Janeiro,RJ,20920-310,(21) 96568-8232,+55 21 96568-8232,https://www.instagram.com/cristiano_eletricista_rj/profilecard/?igsh=MW9uM29qd3RpNzF1MA==,-22.894733199999997,-43.236612,electrician|point_of_interest|establishment
ChIJS1rP-TWBmQAR5JkCAA8yk8M,Cape Serviços e Consultoria,"Av. Mal. Câmara, 160 - sala 1107 - Centro, Rio de Janeiro - RJ, 20020-907, Brazil",Rio de Janeiro,RJ,20020-907,(21) 96978-3020,+55 21 96978-3020,https://www.instagram.com/grupocape,-22.909589699999998,-43.1691335,electrician|general_contractor|point_of_interest|establishment
ChIJ49He2i3lmwARmVWv-xch3OE,RC INSTALAÇÕES ELÉTRICA E AUTOMAÇÃO,"Av. Rio Branco, Nº 81 - Centro, Rio de Janeiro - RJ, 23585-470, Brazil",Rio de Janeiro,RJ,23585-470,(21) 97042-3290,+55 21 97042-3290,,-22.901493700000003,-43.178598699999995,electrician|point_of_interest|establishment
ChIJDY0TbVF_mQARrpPOtxck_PU,Elétrica Eficaz Serviços Elétricos e de Climatização,"R. Pedro Ernesto, 97 - Gamboa, Rio de Janeiro - RJ, 20220-350, Brazil",Rio de Janeiro,RJ,20220-350,(21) 98061-8840,+55 21 98061-8840,http://www.eletricaeficaz.com/,-22.896540899999998,-43.194866399999995,electrician|general_contractor|point_of_interest|establishment
ChIJ2b9xdKV9mQARI04hAVviah4,Eletricista Predial,"R. Voluntários da Pátria, 190 - Botafogo, Rio de Janeiro - RJ, 22270-012, Brazil",Rio de Janeiro,RJ,22270-012,(21) 98852-1899,+55 21 98852-1899,https://www.vibreeletrica.com/,-22.952504899999997,-43.1884005,electrician|point_of_interest|establishment
ChIJlz5lmQh_mQARum4NVi8QCjc,Eletricista Eletro Augusto,"Rua Benjamin Constant, 61 - Glória, Rio de Janeiro - RJ, 20241-150, Brazil",Rio de Janeiro,RJ,20241-150,(21) 99696-2256,+55 21 99696-2256,,-22.9208636,-43.178916199999996,electrician|point_of_interest|establishment
ChIJAQCQPFp_mQAR0zcWDoXSS58,Eletric Star Serviços Especializados,"R. Amoroso Lima, 100 - Cidade Nova, Rio de Janeiro - RJ, 20211-120, Brazil",Rio de Janeiro,RJ,20211-120,(21) 99192-9322,+55 21 99192-9322,https://engemar.com.br/,-22.9099796,-43.2022875,electrician|point_of_interest|establishment
ChIJAQB0rWh_mQAR_2vlb9OZccg,Fabrício Mendonça Eletrotécnico Ltda,"Av. Gomes Freire, 176 - sala 706 - Centro, Rio de Janeiro - RJ, 20231-013, Brazil",Rio de Janeiro,RJ,20231-013,(21) 2221-4534,+55 21 2221-4534,http://www.fabriciomendonca.com.br/,-22.90852,-43.184951000000005,electrician|consultant|telecommunications_service_provider|point_of_interest|establishment
ChIJ2zoXT7VzmQARa8N6-oMuab4,Eletricista em Copacabana,"Copacabana, Rio de Janeiro - State of Rio de Janeiro, 20031-001, Brazil",Rio de Janeiro,RJ,20031-001,(21) 97639-3730,+55 21 97639-3730,,-22.9694833,-43.186786,electrician|fire_station|government_office|point_of_interest|establishment
ChIJ72CBR79_mQAR0etSBjWOQfs,JP Instalações Elétricas,"Rua Tadeu Kosciusco, 41 - Centro, Rio de Janeiro - RJ, 20230-050, Brazil",Rio de Janeiro,RJ,20230-050,(21) 99649-4662,+55 21 99649-4662,https://jpinstalacoeseletricas.com.br/,-22.914351099999998,-43.1881504,electrician|point_of_interest|establishment
ChIJI4mFw310mQAR3ITVpMMVfxY,Eletritex Serviços,"R. V.de de Inhaúma, 1215 - Centro, Rio de Janeiro - RJ, 20091-007, Brazil",Rio de Janeiro,RJ,20091-007,(21) 96492-2942,+55 21 96492-2942,http://eletritex.ueniweb.com/,-22.8999055,-43.1805801,electrician|point_of_interest|establishment
ChIJx5nUMmh-mQARpq6CX_NvOdw,Eletricista Rio de janeiro Credenciado,"Rua do matoso, 6 cob - Praça da Bandeira, Rio de Janeiro - RJ, 20270-132, Brazil",Rio de Janeiro,RJ,20270-132,(21) 99622-0965,+55 21 99622-0965,https://www.oliveiraeletricista.com.br/,-22.911476,-43.2137388,electrician|point_of_interest|establishment
ChIJzWVhja19mQARaroOgvS9QpA,SMARF ELÉTRICA ME.,"Rua Guttemberg Maiorano, 28 - Centro, Rio de Janeiro - RJ, 20771-130, Brazil",Rio de Janeiro,RJ,20771-130,(21) 98343-4601,+55 21 98343-4601,,-22.912064900000004,-43.1739968,electrician|point_of_interest|establishment
ChIJmYQKoQw85agRKslj_Iew58I,WS Eletricista Predial e Residencial,"R. Dois de Dezembro, 43 - Flamengo, Rio de Janeiro - RJ, 22220-040, Brazil",Rio de Janeiro,RJ,22220-040,(21) 98313-5777,+55 21 98313-5777,https://w.app/qb9ao8,-22.9301382,-43.1759783,electrician|point_of_interest|establishment
ChIJuff4dXJ_mQARfzZq0gIJYv4,Instalador eletrico,"R. Primeiro de Março - Centro, Rio de Janeiro - RJ, 20010-000, Brazil",Rio de Janeiro,RJ,20010-000,(21) 93619-1976,+55 21 93619-1976,http://licao1687mal.blogspot.com/,-22.901281299999997,-43.176392899999996,electrician|point_of_interest|establishment
ChIJucjL3Ex_mQARxHhau3BoBBs,Eletricista predial e residencial serviços reparos manutenção 24h Anjos,"Rua Benjamin Constant, 149 - Glória, Rio de Janeiro - RJ, 20241-150, Brazil",Rio de Janeiro,RJ,20241-150,(21) 98114-5001,+55 21 98114-5001,https://g.page/EletricistaAnjos?gm,-22.921682800000003,-43.181771,electrician|point_of_interest|establishment
ChIJwepUat9XzpQR2UjgsVeAQNw,TECH HOUSE - ACESSÓRIOS ELETRÔNICOS,"R. Herbert Spencer, N° 750 - Vila Andrade, São Paulo - SP, 05663-010, Brazil",São Paulo,SP,05663-010,(11) 99133-5942,+55 11 99133-5942,,-23.615701899999998,-46.725252,electronics_store|store|point_of_interest|establishment
ChIJRc474_9YzpQRHms4WRkwqkY,M&D Cell,"R. Vinte e Cinco de Março, 316 - Loja 04 - Centro Histórico de São Paulo, São Paulo - SP, 01021-000, Brazil",São Paulo,SP,01021-000,(11) 3715-3405,+55 11 3715-3405,,-23.54686,-46.631311,electronics_store|store|point_of_interest|establishment
ChIJJbkPn1BYzpQR1jo6Rk5SpCo,Luany Eletrônicos,"R. Santa Ifigênia, 198 - Box 8A - Santa Ifigênia, São Paulo - SP, 01207-000, Brazil",São Paulo,SP,01207-000,(11) 93436-6479,+55 11 93436-6479,,-23.5398386,-46.6379169,electronics_store|store|point_of_interest|establishment
ChIJy83Wlr5ZzpQRpaX2QFOIpQA,Lihong Eletronicos,"Av. Paulista, 392 - Bela Vista, São Paulo - SP, 01311-000, Brazil",São Paulo,SP,01311-000,(11) 98319-5088,+55 11 98319-5088,,-23.5683457,-46.6471671,electronics_store|store|point_of_interest|establishment
ChIJI8_FoatZzpQRVm82WlPrvPM,Relógio Store2k25,"LG Electronics Store (loja de varejo) – Shopping Centro - Centro Histórico de São Paulo, São Paulo - SP, 01000-000, Brazil",São Paulo,SP,01000-000,,,,-23.5515255,-46.6303157,electronics_store|point_of_interest|store|establishment
ChIJk_YgxQ5ZzpQRS7TcT3amim0,Sete Eletrônicos,"R. Sete de Abril, 166 - República, São Paulo - SP, 01044-000, Brazil",São Paulo,SP,01044-000,(11) 95119-8840,+55 11 95119-8840,,-23.5462387,-46.6408996,electronics_store|point_of_interest|store|establishment
ChIJb3K-8lRYzpQRyCU7Tc3lCe8,Kalunga,"R. Líbero Badaró, 309 - Centro Histórico de São Paulo, São Paulo - SP, 01010-010, Brazil",São Paulo,SP,01010-010,(11) 3346-9966,+55 11 3346-9966,https://www.kalunga.com.br/lojas/endereco/sao-paulo-capital/9/horario-de-funcionamento/0064,-23.546763799999997,-46.636610700000006,electronics_store|store|point_of_interest|establishment
ChIJcUE5PmpXzpQRFMF2NWzq-SU,Point Technology,"R. Fradique Coutinho, 389 - Pinheiros, São Paulo - SP, 05416-010, Brazil",São Paulo,SP,05416-010,,,,-23.563384,-46.6865141,electronics_store|store|point_of_interest|establishment
ChIJYXJoljH5zpQRZdO9iWUdl0o,Tecnology`S House,"R. Dr. Cincinato Pomponet, 188 - Lapa, São Paulo - SP, 05072-020, Brazil",São Paulo,SP,05072-020,(11) 98450-9069,+55 11 98450-9069,https://www.instagram.com/tecnologyshouse?igsh=dDNzbHB0Ym5yZXB1,-23.518976000000003,-46.702627299999996,electronics_store|store|point_of_interest|establishment
ChIJzTXRb1pYzpQRkbr6LjV-vbo,Highlander Informática,"R. Santa Ifigênia, 198 - 35B - Santa Ifigênia, São Paulo - SP, 01207-000, Brazil",São Paulo,SP,01207-000,(11) 91489-7012,+55 11 91489-7012,http://www.hlander.com.br/,-23.5396876,-46.637764,electronics_store|store|point_of_interest|establishment
ChIJgYWkmFBYzpQR9QX41XW-wvs,Street Store Eletrônicos,"R. Santa Ifigênia, 198 - Loja 16b - Santa Ifigênia, São Paulo - SP, 01207-000, Brazil",São Paulo,SP,01207-000,(11) 97749-6959,+55 11 97749-6959,,-23.539962,-46.6379782,electronics_store|clothing_store|store|point_of_interest|establishment
ChIJp2vTaZUDz5QRE_i0fuqWXoE,TXR Eletro +,"R. dos Andradas, 467 - Santa Ifigênia, São Paulo - SP, 01208-001, Brazil",São Paulo,SP,01208-001,(11) 91454-5638,+55 11 91454-5638,,-23.5365701,-46.6396325,electronics_store|store|point_of_interest|establishment
ChIJjyENt5NZzpQRRHkR6oJqPlM,LogyPhone,"R. Apeninos, 222 - conjunto 7003 - Aclimação, São Paulo - SP, 01533-000, Brazil",São Paulo,SP,01533-000,(11) 4210-6595,+55 11 4210-6595,https://logyphone.com.br/,-23.569416099999998,-46.6388081,cell_phone_store|electronics_store|store|point_of_interest|establishment
ChIJt6crBpNbzpQR6BGfjdKiBtg,Mobô Technology - Loja de Eletrônicos,"R. Comandante Taylor, 1475 - Ipiranga, São Paulo - SP, 04218-000, Brazil",São Paulo,SP,04218-000,(11) 97809-4717,+55 11 97809-4717,https://lojamobotech.com.br/,-23.601767799999998,-46.5953109,electronics_store|point_of_interest|store|establishment
ChIJhyvA-7tYzpQRuvC0nreS8xc,JA Acessórios e Eletrônicos,"Av. Joaquina Ramalho, 226 - Vila Guilherme, São Paulo - SP, 02065-000, Brazil",São Paulo,SP,02065-000,(11) 2218-0516,+55 11 2218-0516,,-23.514653199999998,-46.607409700000005,electronics_store|store|point_of_interest|establishment
ChIJJUvg0zZZzpQRSvGf-y2VmWs,R10,"R. Comendador Afonso Kherlakian, 79 - 7º andar, loja 78 - Centro Histórico de São Paulo, São Paulo - SP, 01023-040, Brazil",São Paulo,SP,01023-040,(11) 96369-1482,+55 11 96369-1482,https://www.r10eletronicos.com.br/,-23.5416933,-46.631506599999994,electronics_store|store|point_of_interest|establishment
ChIJi9hnVTRZzpQRf68kl6O8edY,TH Electronics,"Av. Marquês de S. Vicente, 1619 - CJ 408 - Barra Funda, São Paulo - SP, 01139-000, Brazil",São Paulo,SP,01139-000,(11) 91861-2192,+55 11 91861-2192,https://instagram.com/thelectronics__?igshid=NTc4MTIwNjQ2YQ==,-23.519510399999998,-46.6753709,cell_phone_store|store|point_of_interest|establishment
ChIJ41ZEJfUN4aoRe8ts4H-6AvU,Revolta Digital,"R. Canindé, 558 - Canindé, São Paulo - SP, 03033-000, Brazil",São Paulo,SP,03033-000,(21) 96514-9829,+55 21 96514-9829,http://revoltadigital.com.br/,-23.5297187,-46.6228133,electronics_store|store|point_of_interest|establishment
ChIJw4ntXVpYzpQRzv5pqAhkMj0,Vida Eletrônicos,"R. Erva de Santa Luzia, 251 - Vila Helena, São Paulo - SP, 08081-310, Brazil",São Paulo,SP,08081-310,(11) 3331-9451,+55 11 3331-9451,https://www.vidaeletronicos.com.br/,-23.4906373,-46.4171763,electronics_store|store|point_of_interest|establishment
ChIJNRkuahT5zpQRaNuU8OQ4rVE,X E-Games Eletrônicos,"Av. Otaviano Alves de Lima, 1824 - Limão, São Paulo - SP, 02101-000, Brazil",São Paulo,SP,02101-000,(11) 94218-1877,+55 11 94218-1877,,-23.5124623,-46.67505980000001,electronics_store|store|point_of_interest|establishment
ChIJAw1ydvpZzpQRGkKG8Vd9Lgg,"Maxtill Eletrônicos - Atacado de Eletrônicos no Brás - Pari, Compra de Eletrônicos no Atacado","NOVO'' Shopping Porto Brás Rua Rodrigues dos Santos, 809 Novo Porto Brás - 3° ANDAR LJ3022-3024 - Canindé, São Paulo - SP, 03031-040, Brazil",São Paulo,SP,03031-040,(11) 97331-6382,+55 11 97331-6382,http://www.maxtill.com.br/,-23.533062299999997,-46.619549899999996,electronics_store|point_of_interest|store|establishment
ChIJR_owZCdZzpQR8jad0rZ2AxA,Eletrônicos import,"Av. Paulista, 2046 - Bela Vista, São Paulo - SP, 01310-928, Brazil",São Paulo,SP,01310-928,(11) 91260-8798,+55 11 91260-8798,,-23.5584533,-46.659445999999996,electronics_store|store|point_of_interest|establishment
ChIJtQfebVpYzpQRVTUBuyHRMBY,Espaço dos Eletrônicos,"R. Santa Ifigênia, 270 - Box 23 - Santa Ifigênia, São Paulo - SP, 01207-000, Brazil",São Paulo,SP,01207-000,(11) 95281-7042,+55 11 95281-7042,https://wa.me/message/GEUMWYUHIHNNO1,-23.539290299999998,-46.638235800000004,electronics_store|point_of_interest|store|establishment
ChIJt7PBSeVZzpQRl6YUBna69co,Eletro Novo Tech Brasil Store,"R. Comendador Afonso Kherlakian, 33 - 5 andar - Centro Histórico de São Paulo, São Paulo - SP, 01023-040, Brazil",São Paulo,SP,01023-040,(41) 99820-5610,+55 41 99820-5610,,-23.5418399,-46.631950599999996,store|point_of_interest|establishment
ChIJi7tsDltYzpQRStVZLltNABc,X-Shop Informática,"Rua dos Gusmões, 380 Andar: 01 - Sala: 05 - Santa Ifigênia, São Paulo - SP, 01212-001, Brazil",São Paulo,SP,01212-001,(11) 3136-1128,+55 11 3136-1128,http://www.xshopinformatica.com.br/,-23.5373605,-46.6399219,electronics_store|store|point_of_interest|establishment
ChIJzzy6ZNNZzpQRwaFuH8c0j2M,Shop Mix Tecnologia - Assistência Técnica e E-commerce.,"R. Santo Amaro, 482 - B - Bela Vista, São Paulo - SP, 01315-000, Brazil",São Paulo,SP,01315-000,(11) 94033-9333,+55 11 94033-9333,https://shopmixtecnologia.com.br/,-23.5539792,-46.6406668,electronics_store|store|point_of_interest|establishment
ChIJ3X7msGv2zpQRUAaSGBEGBsM,Eletrônica Tucuruvi,"R. Domingos Calheiros, 220 - Tucuruvi, São Paulo - SP, 02303-100, Brazil",São Paulo,SP,02303-100,(11) 99689-1376,+55 11 99689-1376,http://www.eletronicatucuruvi.net.br/,-23.4794194,-46.609705999999996,store|electronics_store|point_of_interest|establishment
ChIJmW-l81RYzpQRCQvbRDQxeWY,Lojas Americanas,"R. São Bento, 293 - Centro Histórico de São Paulo, São Paulo - SP, 01011-000, Brazil",São Paulo,SP,01011-000,,,https://www.americanas.com.br/nossas-lojas?utm_source=google&utm_medium=maps&utm_campaign=gmb_505&utm_content=mn_00_00_go_pacotelocal,-23.5464694,-46.635670999999995,department_store|cell_phone_store|electronics_store|home_goods_store|clothing_store|store|point_of_interest|establishment
ChIJZSRav2ZZzpQRMRIFlrqt1Uc,Sama5957979mercadoshops,"Avenida Guilherme Gonçalves do Rosário, 254 - parque jacaranda, São Paulo - SP, 06774-000, Brazil",São Paulo,SP,06774-000,(11) 98499-6404,+55 11 98499-6404,https://sama5957979mercadoshops.com.br/,-23.576579,-46.6419923,electronics_store|store|point_of_interest|establishment
ChIJy1CXeFpYzpQRApvA7WaDcsQ,Mult Comercial ltda,"R. dos Timbiras, 257 - República, São Paulo - SP, 01208-011, Brazil",São Paulo,SP,01208-011,(11) 3225-1000,+55 11 3225-1000,https://www.multcomercial.com.br/,-23.5401898,-46.638647299999995,electronics_store|store|point_of_interest|establishment
ChIJ6csJuFBYzpQRs3WUribZw6Y,Victor Eletrônicos,"R. Santa Ifigênia, 80 - Loja 04 - Santa Ifigênia, São Paulo - SP, 01207-000, Brazil",São Paulo,SP,01207-000,(11) 95831-0194,+55 11 95831-0194,https://victoreletronicos.com.br/,-23.5408261,-46.6373519,electronics_store|store|point_of_interest|establishment
ChIJnYMlg91XzpQRt1kHNGn1tuI,Top Store Eletrônicos,"R. Canto do Rio Verde, 65 - Vila Andrade, São Paulo - SP, 05734-010, Brazil",São Paulo,SP,05734-010,(11) 95316-1768,+55 11 95316-1768,http://www.topstoreeletronicos.com.br/,-23.6254822,-46.7452342,electronics_store|store|point_of_interest|establishment
ChIJhb7Fb1pYzpQRgLGQfxGnMzY,Original Eletrônicos,"R. Santa Ifigênia, 276 - Loja 4B - Santa Ifigênia, São Paulo - SP, 01207-000, Brazil",São Paulo,SP,01207-000,(11) 3331-3267,+55 11 3331-3267,https://www.instagram.com/originaleletronicos/,-23.5393525,-46.6383957,electronics_store|store|point_of_interest|establishment
ChIJm0_1w91ZzpQRvaLhNVAqnOw,Esferium | 25 de Março,"R. da Cantareira, 415 - Centro Histórico de São Paulo, São Paulo - SP, 01024-100, Brazil",São Paulo,SP,01024-100,(11) 3326-6075,+55 11 3326-6075,http://www.esferium.com.br/,-23.5405502,-46.6296876,electronics_store|store|point_of_interest|establishment
ChIJAQCwJKZZzpQRF7g2ol9U4f0,Videokê Liberdade,"R:Galvão Bueno, 17 e 19-Subsolo - loja 64 - Liberdade, São Paulo - SP, 01506-000, Brazil",São Paulo,SP,01506-000,(11) 3341-1800,+55 11 3341-1800,http://www.videokeliberdade.com.br/,-23.5558126,-46.6353126,electronics_store|store|point_of_interest|establishment
ChIJi9N7iepZzpQRGBEEh3Eh1xg,Home eletronicos,"R. Barão de Duprat, 115 - Centro Histórico de São Paulo, São Paulo - SP, 01023-001, Brazil",São Paulo,SP,01023-001,(11) 98635-8472,+55 11 98635-8472,,-23.5431369,-46.6310455,electronics_store|store|point_of_interest|establishment
ChIJGThx81dYzpQRvGknu5bYIIE,Eletrovoo,"R. Florêncio de Abreu, 631 - Luz, São Paulo - SP, 01029-001, Brazil",São Paulo,SP,01029-001,(11) 3313-3917,+55 11 3313-3917,,-23.5385529,-46.6330649,electronics_store|store|point_of_interest|establishment
ChIJXVQQjOBZzpQRPWXVASHy7Mg,Store Acessórios,"Supermercado Extra quiosque 6 - Av. Brigadeiro Luís Antônio, 2013 - Bela Vista, São Paulo - SP, 01262-010, Brazil",São Paulo,SP,01262-010,(11) 98146-4721,+55 11 98146-4721,http://www.kotyia.com/,-23.5664239,-46.6469243,electronics_store|store|point_of_interest|establishment
ChIJa966_dBZzpQRwtn5uOJv4Pw,BY eletrônico,"Av. Paulista, 1941 - Bela Vista, São Paulo - SP, 01311-300, Brazil",São Paulo,SP,01311-300,(11) 96421-4277,+55 11 96421-4277,,-23.559912900000004,-46.659317099999996,electronics_store|store|point_of_interest|establishment
ChIJD7fxQTtZzpQRyJjNyvoRcHE,Kjg eletrônicos,"R. Carlos Sampaio, 331 - loja 21/22 - Bela Vista, São Paulo - SP, 01333-021, Brazil",São Paulo,SP,01333-021,,,,-23.568475799999998,-46.6466754,electronics_store|store|point_of_interest|establishment
ChIJw8LDfb5ZzpQRfe0sE6Hy4fs,Americanas Express,"Av. Paulista, 320 - Bela Vista, São Paulo - SP, 01310-000, Brazil",São Paulo,SP,01310-000,,,https://www.americanas.com.br/nossas-lojas?utm_source=google&utm_medium=maps&utm_campaign=gmb_527&utm_content=mn_00_00_go_pacotelocal,-23.5690573,-46.646808899999996,department_store|cell_phone_store|clothing_store|electronics_store|point_of_interest|home_goods_store|store|establishment
ChIJi___N1JYzpQRi562ZD8mAY0,Americanas,"R. Cel. Xavier de Toledo, 23 - Vila Buarque, São Paulo - SP, 01048-100, Brazil",São Paulo,SP,01048-100,,,https://www.americanas.com.br/nossas-lojas?utm_source=google&utm_medium=maps&utm_campaign=gmb_149&utm_content=mn_00_00_go_pacotelocal,-23.546576599999998,-46.638631499999995,department_store|cell_phone_store|electronics_store|home_goods_store|clothing_store|store|point_of_interest|establishment
ChIJVdQv7KlZzpQRDpNYbsD6zgg,Hyper JTD Eletrônicos - A melhor loja de receptores na Santa Ifigênia,"R. Antônio de Godói, 122 - sl 133 - Santa Ifigênia, São Paulo - SP, 01034-001, Brazil",São Paulo,SP,01034-001,(11) 95598-8285,+55 11 95598-8285,http://hypercompras.com.br/,-23.5419796,-46.6368613,electronics_store|store|point_of_interest|establishment
ChIJEYGjhFZYzpQRMkTBKC0Jth8,Lojas Santa Ifigênia,"Viaduto Santa Ifigênia, 70 - Centro Histórico de São Paulo, São Paulo - SP, 01033-050, Brazil",São Paulo,SP,01033-050,(11) 2050-2228,+55 11 2050-2228,https://www.lojassantaifigenia.com.br/,-23.5431565,-46.634821099999996,electronics_store|store|point_of_interest|establishment
ChIJHyBA9y9ZzpQRKwWYWzLAIGI,S&P Eletrônicos,"R. Santa Ifigênia, 73 - Loja 28 - Santa Ifigênia, São Paulo - SP, 01207-001, Brazil",São Paulo,SP,01207-001,,,,-23.5409758,-46.6376132,electronics_store|point_of_interest|store|establishment
ChIJ4fYYlJ9ZzpQRCS6ndIrwLoQ,Americanas Express,"Av. da Liberdade, 863 - Liberdade, São Paulo - SP, 01503-001, Brazil",São Paulo,SP,01503-001,,,https://www.americanas.com.br/nossas-lojas?utm_source=google&utm_medium=maps&utm_campaign=gmb_525&utm_content=mn_00_00_go_pacotelocal,-23.560299699999998,-46.637781,department_store|cell_phone_store|electronics_store|home_goods_store|clothing_store|store|point_of_interest|establishment
ChIJafLTfb1ZzpQRX7Abc6BF_Ew,Fast Shop - Paulista,"R. Treze de Maio, 1947 - Bela Vista, São Paulo - SP, 01327-001, Brazil",São Paulo,SP,01327-001,(11) 3468-4550,+55 11 3468-4550,https://www.fastshop.com.br/web/,-23.5707086,-46.6425724,electronics_store|store|point_of_interest|establishment
ChIJgQJvu1tZzpQRL7kqXSjlLv4,Technoshop,"Rua Glicério - Liberdade, São Paulo - SP, 01514-000, Brazil",São Paulo,SP,01514-000,(11) 95060-2889,+55 11 95060-2889,,-23.5540949,-46.628087,electronics_store|store|point_of_interest|establishment
ChIJFWpcHZ9ZzpQRPp_9dpNEBDQ,1Eletro®,"Av. Paulista, 807 - Bela Vista, São Paulo - SP, 01311-100, Brazil",São Paulo,SP,01311-100,(11) 91901-5182,+55 11 91901-5182,https://www.1eletro.com.br/,-23.5666017,-46.6508013,electronics_store|store|point_of_interest|establishment
ChIJT94UcshZzpQRPfzEe6jlT-s,Fast Shop - Cidade São Paulo,"Av. Paulista, 1230 - PISO 1 - Bela Vista, São Paulo - SP, 01310-100, Brazil",São Paulo,SP,01310-100,(11) 3232-3000,+55 11 3232-3000,https://www.fastshop.com.br/web,-23.563522,-46.652687199999995,electronics_store|point_of_interest|home_goods_store|store|establishment
ChIJbYodeG1XzpQR5EguejuUrsw,Boutique Electronics,"Av. Brig. Faria Lima, 2232 - Loja W-2 - Pinheiros, São Paulo - SP, 01489-900, Brazil",São Paulo,SP,01489-900,(11) 3815-0494,+55 11 3815-0494,https://linktr.ee/boutiquedoseletronicos,-23.5766134,-46.6870429,electronics_store|store|point_of_interest|establishment
ChIJdcG0WaRZzpQRkfaMWkhO_Lk,wallmar eletronicos,"R. Santa Ifigênia, 185 - Loja-04 A - Santa Ifigênia, São Paulo - SP, 01207-001, Brazil",São Paulo,SP,01207-001,(11) 95831-0194,+55 11 95831-0194,,-23.540107799999998,-46.638185199999995,electronics_store|store|point_of_interest|establishment
ChIJ17PJvs1ZzpQR2OS0_Jda2qc,AGL & DCR ELETRONICOS,"Av. Paulista, 392 - 43 - Bela Vista, São Paulo - SP, 01333-020, Brazil",São Paulo,SP,01333-020,(11) 3262-5453,+55 11 3262-5453,https://api.whatsapp.com/send/?phone=551132625453&text&type=phone_number&app_absent=0,-23.5684765,-46.647298799999994,electronics_store|store|point_of_interest|establishment
ChIJsxt6ycRQzpQR1p5pOWvWnjU,Boutique dos Eletrônicos,"Subsolo - Alameda de Serviços - R. Palestra Itália, 500 - Perdizes, São Paulo - SP, 05005-030, Brazil",São Paulo,SP,05005-030,(11) 5092-3508,+55 11 5092-3508,https://linktr.ee/boutiquedoseletronicos,-23.526426999999998,-46.680881,electronics_store|store|point_of_interest|establishment
ChIJ8UxI46hZzpQRnXUNmgGkfaI,Camila Eletrônicos,"R. Galvão Bueno, 17 - Liberdade, São Paulo - SP, 01506-030, Brazil",São Paulo,SP,01506-030,(11) 95159-7663,+55 11 95159-7663,,-23.5557406,-46.6350681,electronics_store|store|point_of_interest|establishment
ChIJ393qXApZzpQRNj89TbTXY2k,Paulista Premium Eletrônicos E Informática Em Geral,"Av. Paulista, 486 - Loja A - Bela Vista, São Paulo - SP, 01311-200, Brazil",São Paulo,SP,01311-200,(11) 96069-4945,+55 11 96069-4945,,-23.5679476,-46.6478371,electronics_store|store|point_of_interest|establishment
ChIJybrVKvFZzpQRF72FuFJZDw4,Nana Eletrônicos e acessórios,"Rua Galvão Bueno numero 200 Galeria Lote - Box 01 - Liberdade, São Paulo - SP, 01506-000, Brazil",São Paulo,SP,01506-000,(11) 93427-9357,+55 11 93427-9357,,-23.5572831,-46.6352292,electronics_store|store|point_of_interest|establishment
ChIJjxPILktZzpQRgI4ljqEWAPw,Jaguar Eletrônicos,"Av. Paulista, 392 - Loja 17A - Bela Vista, São Paulo - SP, 01310-000, Brazil",São Paulo,SP,01310-000,(11) 94749-8738,+55 11 94749-8738,https://api.whatsapp.com/send/?phone=5511947498738&text&type=phone_number&app_absent=0,-23.5684765,-46.647298799999994,electronics_store|store|point_of_interest|establishment
ChIJYWaY5qhZzpQRVfNzeddLNUQ,Junior Eletrônicos,"Av. da Liberdade, 363 - Loja 24 - Liberdade, São Paulo - SP, 01503-000, Brazil",São Paulo,SP,01503-000,(11) 3271-6721,+55 11 3271-6721,,-23.5560953,-46.636019,electronics_store|store|point_of_interest|establishment
ChIJt0uIBBtZzpQRTW5CjvbR9_0,D. Romano Eletrônicos,"Shopping Boulevard Monti Mare - Av. Paulista, 392 - Loja 32 e 43 - Bela Vista, São Paulo - SP, 01310-000, Brazil",São Paulo,SP,01310-000,(11) 94484-3002,+55 11 94484-3002,https://api.whatsapp.com/send/?phone=5511944843002&text&type=phone_number&app_absent=0,-23.568354499999998,-46.647171,electronics_store|store|point_of_interest|establishment
ChIJ0cfOzKlZzpQRA9owZeztNt0,JC Auto Reparo Mecânica automotiva,"Av. Gen. Olímpio da Silveira, 650 - Santa Cecilia, São Paulo - SP, 01150-000, Brazil",São Paulo,SP,01150-000,(11) 94236-1958,+55 11 94236-1958,,-23.531979,-46.6626611,car_repair|point_of_interest|establishment
ChIJhztNOGJZzpQRqbe0SHBD_4A,Serviços Automotivos Speed Car,"R. da Consolação, 1241 - Consolação, São Paulo - SP, 01301-100, Brazil",São Paulo,SP,01301-100,(11) 3256-4220,+55 11 3256-4220,,-23.549552499999997,-46.6529264,car_repair|point_of_interest|establishment
ChIJZU5fNbBZzpQRd_F1UWCJPy8,Via Car Auto Center,"R. Conselheiro Ramalho, 416 - Bela Vista, São Paulo - SP, 01324-001, Brazil",São Paulo,SP,01324-001,(11) 3582-0789,+55 11 3582-0789,,-23.5554851,-46.6447538,car_wash|car_repair|point_of_interest|establishment
ChIJ_7sZglJYzpQR4uAZwn1I-pI,Rev Car - Manuntenção de Carros,"R. Álvaro de Carvalho, 124 - Centro Histórico de São Paulo, São Paulo - SP, 01050-070, Brazil",São Paulo,SP,01050-070,(11) 3151-3963,+55 11 3151-3963,,-23.5485723,-46.6415091,car_repair|point_of_interest|establishment
ChIJhckQ9rRZzpQRmr5F282UeAw,Mecânica O Car Funilaria e Pintura,"R. Maj. Diogo, 764 - Bela Vista, São Paulo - SP, 01324-000, Brazil",São Paulo,SP,01324-000,(11) 3104-7463,+55 11 3104-7463,,-23.5579912,-46.642800199999996,car_repair|point_of_interest|establishment
ChIJe7esfLVRzpQRhxAH7INPmU4,Care Automotive - Lava Rápido & Funilaria Express,"R. Demóstenes, 102 - Brooklin, São Paulo - SP, 04601-070, Brazil",São Paulo,SP,04601-070,(11) 94030-2060,+55 11 94030-2060,https://www.carefunilaria.com.br/,-23.6136008,-46.6774632,car_repair|point_of_interest|establishment
ChIJA7HosMRZzpQR_Xg1cTa6yEI,AUTO KOREIA SÃO PAULO,"R. Amaral Gurgel, 360 - Vila Buarque, São Paulo - SP, 01221-000, Brazil",São Paulo,SP,01221-000,(11) 92153-6968,+55 11 92153-6968,,-23.5450882,-46.648015,car_repair|point_of_interest|establishment
ChIJ4yAcPgBZzpQRrZ7ZKx3fLk4,JOELSON CASSIMIRO OFICINA MECANICA,"R. Prof. Laerte Ramos de Carvalho, 61 - Bela Vista, São Paulo - SP, 01325-030, Brazil",São Paulo,SP,01325-030,(11) 98562-8126,+55 11 98562-8126,,-23.555418799999998,-46.6435603,car_repair|point_of_interest|establishment
ChIJxbRzP7pZzpQRPwDJ9DLIfv0,Centro Automotivo Mundial,"Av. Brigadeiro Luís Antônio, 1615 - Bela Vista, São Paulo - SP, 01317-002, Brazil",São Paulo,SP,01317-002,(11) 7777-8836,+55 11 7777-8836,,-23.5628764,-46.645283,car_repair|point_of_interest|establishment
ChIJ3b4X97JZzpQRZBZeGfyuRao,Auto Reparos,"R. Maj. Diogo, 258 - Bela Vista, São Paulo - SP, 01324-000, Brazil",São Paulo,SP,01324-000,,,,-23.5534011,-46.643273799999996,car_repair|point_of_interest|establishment
ChIJqX4fcQpZzpQRfum9Umul37I,Auto Serviços e Com Car-Rilho,"R. Bueno de Andrade - Liberdade, São Paulo - SP, 01526-000, Brazil",São Paulo,SP,01526-000,(11) 2935-9364,+55 11 2935-9364,,-23.5631117,-46.631508,car_repair|point_of_interest|establishment
ChIJz16vabRZzpQR8IRP3Jemm3o,Ocarro Auto Center 24 Horas | Carros & Caminhões | Mecânico | Auto Elétrica,"R. Dr. Luís Barreto, 159 - Bela Vista, São Paulo - SP, 01328-020, Brazil",São Paulo,SP,01328-020,(11) 95979-5301,+55 11 95979-5301,http://ocarroautocenter24horascarroscaminhoesmecanicoautoele.com/?utm_source=gmb&utm_medium=referral,-23.555854999999998,-46.6474203,car_repair|point_of_interest|establishment
ChIJfaZujUZYzpQRlBBSIxvhYz0,Ive Car,"R. Dr. Frederico Steidel, 137 - Santa Cecilia, São Paulo - SP, 01225-030, Brazil",São Paulo,SP,01225-030,(11) 99957-3846,+55 11 99957-3846,,-23.5402256,-46.6475398,car_repair|point_of_interest|establishment
ChIJh-TIXSJRzpQRzyEydip_c5w,Mr. Service Auto Repair Workshop,"Rua Alexandre Dumas, 846 - Chácara Santo Antônio (Zona Sul), São Paulo - SP, 04717-001, Brazil",São Paulo,SP,04717-001,(11) 98888-2023,+55 11 98888-2023,https://www.mrservice.net.br/,-23.634533599999997,-46.699899699999996,car_repair|local_government_office|government_office|point_of_interest|establishment
ChIJN0rGZKpZzpQRqeeCIq69IpU,Mike Reparação Automotiva,"R. Maj. Diogo, 768 - Bela Vista, São Paulo - SP, 01324-000, Brazil",São Paulo,SP,01324-000,(11) 97665-8977,+55 11 97665-8977,,-23.558006,-46.642793,car_repair|point_of_interest|establishment
ChIJHXCO4nBZzpQR2c1DEA-3KFQ,reparos automotivos,"Av. Cruzeiro do Sul, 116 - Canindé, São Paulo - SP, 03033-020, Brazil",São Paulo,SP,03033-020,(11) 97384-5250,+55 11 97384-5250,,-23.530887800000002,-46.625347700000006,car_repair|point_of_interest|establishment
ChIJmRrfjK9ZzpQRrpcg5zf0HuI,ZOROCAR,"Condomínio Edifício Fortaleza - R. Humaitá, 161 - Bela Vista, São Paulo - SP, 01321-010, Brazil",São Paulo,SP,01321-010,95500-7386,+55 955007386,,-23.5593383,-46.6403228,car_repair|point_of_interest|establishment
ChIJGUaSSwBZzpQRvz-D3pccN0E,KIQUE's GARAGE,"R. Conselheiro Carrão, 115 - Bela Vista, São Paulo - SP, 01328-000, Brazil",São Paulo,SP,01328-000,(11) 3241-1818,+55 11 3241-1818,https://www.instagram.com/kiquesgarage?igsh=MWMwY2Rlc2RkYmtnMQ==,-23.557621299999997,-46.6433733,car_repair|point_of_interest|establishment
ChIJuZP21RhZzpQR_pCg-oCEugE,Mecânica e elétrica Riquelme,"Av. Cruzeiro do Sul, 676 - Canindé, São Paulo - SP, 03033-020, Brazil",São Paulo,SP,03033-020,(11) 94225-1040,+55 11 94225-1040,https://bryanriquelme.wixsite.com/mecnicaeautoeltrica,-23.525825899999997,-46.625158299999995,car_repair|point_of_interest|establishment
ChIJOQ9iIkhZzpQRf3Y-IaTb630,Roger-Car Reparação Automotiva,"R. Olímpio Portugal, 174 - Mooca, São Paulo - SP, 03112-010, Brazil",São Paulo,SP,03112-010,(11) 2796-3939,+55 11 2796-3939,,-23.5564282,-46.60169090000001,car_repair|point_of_interest|establishment
ChIJ7zkLyLNZzpQRsKFeZCEIMCE,Efarimafe Auto Vidros e Travas,"R. Manoel Dutra, 201 - Bela Vista, São Paulo - SP, 01328-010, Brazil",São Paulo,SP,01328-010,(11) 3283-5476,+55 11 3283-5476,,-23.555432099999997,-46.644941499999995,car_repair|point_of_interest|establishment
ChIJ5S0f_LhZzpQRtgdcnM1mrNw,santana autocenter,"Av. Nove de Julho, 856 - Bela Vista, São Paulo - SP, 01312-000, Brazil",São Paulo,SP,01312-000,(11) 98701-6414,+55 11 98701-6414,,-23.5512588,-46.6465963,car_repair|point_of_interest|establishment
ChIJR1iAuq1ZzpQRg5mB78nf-fs,Santos Centro Automotivo,"R. Genebra, 251 - Bela Vista, São Paulo - SP, 01316-010, Brazil",São Paulo,SP,01316-010,,,,-23.5531278,-46.6396374,car_repair|point_of_interest|establishment
ChIJEazbJ4tRzpQRARnD34J9ODQ,RP Car Service,"R. Caruxa, 222 - Vila Franca, São Paulo - SP, 05776-360, Brazil",São Paulo,SP,05776-360,(11) 96752-4615,+55 11 96752-4615,,-23.6365691,-46.7434972,car_repair|point_of_interest|establishment
ChIJI7Tch0xYzpQRWDlByGWsYFQ,Injet Service,"R. Martins Fontes, 386 - Centro Histórico de São Paulo, São Paulo - SP, 01050-000, Brazil",São Paulo,SP,01050-000,(11) 3257-1851,+55 11 3257-1851,,-23.549773599999998,-46.6459538,car_repair|point_of_interest|establishment
ChIJ-UdnPwBZzpQRFzrkGYMiKvI,Espeto car,"Bela Vista, São Paulo - State of São Paulo, 01006-030, Brazil",São Paulo,SP,01006-030,,,,-23.555771399999998,-46.639557100000005,car_repair|point_of_interest|establishment
ChIJ_9rgjyn4zpQRKcVPWuhMNtQ,Auto fran car comercial,"R. Apolônio Meira, 101 - 02563060, São Paulo - SP, 02563-060, Brazil",São Paulo,SP,02563-060,(11) 3858-1899,+55 11 3858-1899,,-23.4903548,-46.6721826,car_repair|point_of_interest|establishment
ChIJy7BHhDNUzpQRBwaXgYLPgb0,Francar Autos,"Estr. do Jaguaré, 26 - Jardim Sao Mateus, São Paulo - SP, 06765-170, Brazil",São Paulo,SP,06765-170,(11) 97524-2506,+55 11 97524-2506,,-23.5951718,-46.762077999999995,car_repair|point_of_interest|establishment
ChIJY5hvaptXzpQRaB1eb3PFM6A,Moura Serviços Automotivos,"Rua Henrique Schaumann, 716 - Pinheiros, São Paulo - SP, 05413-011, Brazil",São Paulo,SP,05413-011,(11) 3088-5616,+55 11 3088-5616,http://mouraserviços.com/?utm_source=gmb&utm_medium=referral,-23.558721199999997,-46.6813618,electrician|car_repair|point_of_interest|establishment
ChIJwfltd21YzpQRtrThvOzvIBM,Lou Car Auto Center,"Av. Rudge, 286 - Bom Retiro, São Paulo - SP, 01134-000, Brazil",São Paulo,SP,01134-000,,,https://www.facebook.com/pages/Lou-Car-Auto-Center/1537778639825671?ref=hl,-23.5252768,-46.649007,car_repair|point_of_interest|establishment
ChIJUQKwHwdYzpQRNFPOxun6nlA,Casarine Car Service,"Rua Quirino dos Santos, 230 - Várzea da Barra Funda, São Paulo - SP, 01141-020, Brazil",São Paulo,SP,01141-020,(11) 3822-4481,+55 11 3822-4481,http://casarinecarservice.com.br/,-23.522671499999998,-46.664384,car_repair|point_of_interest|establishment
ChIJoeApUaRQzpQRQCtlfAFiz8U,Care Lava Rápido,"R. Demóstenes, 102 - Campo Belo, São Paulo - SP, 04601-070, Brazil",São Paulo,SP,04601-070,(11) 94030-2060,+55 11 94030-2060,https://www.careautomotive.com.br/,-23.6136008,-46.6774632,car_wash|point_of_interest|establishment
ChIJMTscZ65ZzpQRxWJ8xK436vc,Auto Spa Delivery,"Rua Conceição de Monte Alegre, 107 - Conjunto 101B - Bela Vista, Monções - SP, 04563-060, Brazil",Monções,SP,04563-060,(11) 2450-7911,+55 11 2450-7911,,-23.555771399999998,-46.639557100000005,car_repair|point_of_interest|establishment
ChIJp0-U1JT1zpQRWe8DOVQHZhQ,Clini-Car,"R. Francisco Alves Bezerra, 1531 - Jardim Brasil, São Paulo - SP, 02228-001, Brazil",São Paulo,SP,02228-001,(11) 2936-9676,+55 11 2936-9676,,-23.472718099999998,-46.5739713,car_repair|point_of_interest|establishment
ChIJPVdI-QlZzpQR5N4vA0oc-Ok,CW Car - Auto Dealer and Repairs,"R. Bueno de Andrade, 118 - Aclimação, São Paulo - SP, 01526-000, Brazil",São Paulo,SP,01526-000,(11) 3277-0400,+55 11 3277-0400,,-23.561244799999997,-46.631655599999995,car_repair|point_of_interest|establishment
ChIJcQAUcFpYzpQRrfPEUUzQV1I,Assistência Técnica Sound Car Multimarcas,"Santa Ifigênia, São Paulo - State of São Paulo, 01028-010, Brazil",São Paulo,SP,01028-010,(11) 3224-9875,+55 11 3224-9875,,-23.5395881,-46.6384991,car_repair|point_of_interest|establishment
ChIJ16vtyrpZzpQRIuIk-GhyHDs,CPCar Mecânica Bela Vista,"R. Martiniano de Carvalho, 306 - Bela Vista, São Paulo - SP, 01321-001, Brazil",São Paulo,SP,01321-001,(11) 3262-1821,+55 11 3262-1821,https://w.app/ni40rj,-23.5614849,-46.641717899999996,car_repair|point_of_interest|establishment
ChIJnyqxAzn9zpQRtoEI_hUr-ws,Mecânica e Auto elétrico 24 horas Car Tech,"Estr. Cel. José Gladiador, 2856 - Parque Anhangüera, São Paulo - SP, 05267-000, Brazil",São Paulo,SP,05267-000,(11) 99946-2382,+55 11 99946-2382,https://www.cartechautocenter.com.br/,-23.4492835,-46.796743199999995,car_repair|point_of_interest|establishment
ChIJN-9pc25RzpQRQg9ejOp28p0,RR CAR - ESTACIONAMENTO E ESTÉTICA AUTOMOTIVA,"Rua Édison, 1319 - Campo Belo, São Paulo - SP, 04618-035, Brazil",São Paulo,SP,04618-035,(11) 98599-7242,+55 11 98599-7242,,-23.6253437,-46.6709605,parking|car_repair|point_of_interest|establishment
ChIJzQf09jZZzpQR22ztEZf1Fio,Job Car Service,"R. Martiniano de Carvalho, 40 - Bela Vista, São Paulo - SP, 01321-000 - Bela Vista, São Paulo - SP, 01320-020, Brazil",São Paulo,SP,01320-020,(11) 3101-7041,+55 11 3101-7041,https://sites.google.com/view/job-car-service/home-page?authuser=1,-23.5633967,-46.641057499999995,car_repair|point_of_interest|establishment
ChIJwfGMJBlZzpQRBpYsjQIkiMs,Maxipark,"R. Domingos Paiva, 100 - Brás, São Paulo - SP, 03043-070, Brazil",São Paulo,SP,03043-070,(11) 4689-1001,+55 11 4689-1001,http://www.maxipark.com.br/,-23.544641,-46.6175954,car_repair|point_of_interest|establishment
ChIJryk2YE77zpQRQdKTsHvcghE,Ney Car Estética automotiva,"R. Joséfa Fontoura, 87 - Jaraguá, São Paulo - SP, 02992-180, Brazil",São Paulo,SP,02992-180,(11) 99738-5403,+55 11 99738-5403,,-23.4515182,-46.7278899,car_repair|point_of_interest|establishment
ChIJZU21u7BZzpQRcbanUBiOzi4,Centro Automotivo - RZ Car,"R. Treze de Maio, 835 - Bela Vista, São Paulo - SP, 01327-000, Brazil",São Paulo,SP,01327-000,(11) 3473-6053,+55 11 3473-6053,,-23.560678,-46.6455304,car_repair|point_of_interest|establishment
ChIJb7ctirdQzpQR36i_9-er0Rg,Gomieri Serv de Loc de Auto,"R. São João Brito, 66 - Cidade Monções, São Paulo - SP, 04566-070, Brazil",São Paulo,SP,04566-070,(11) 97278-8422,+55 11 97278-8422,,-23.6134625,-46.6866355,point_of_interest|establishment
ChIJk3Gl8oZZzpQRtBRhrdUw5jc,Borracharia do Antônio -,"R. Humaitá, 131 - Bela Vista, São Paulo - SP, 01321-010, Brazil",São Paulo,SP,01321-010,(11) 98681-3723,+55 11 98681-3723,,-23.559467299999998,-46.640081599999995,car_repair|point_of_interest|establishment
ChIJU9Dz8BRPzpQR9Z49DdpLXMg,Injecar Auto Service,"Rua Rosália Grisi Sandoval, 120 - Parque America, São Paulo - SP, 04841-060, Brazil",São Paulo,SP,04841-060,(11) 5939-2823,+55 11 5939-2823,,-23.7366188,-46.6918405,car_repair|point_of_interest|establishment
ChIJi6aCvVhRzpQRKG-iLIEBbPI,Jura Car Funilaria Pintura,"Rua Ricardina Campello Fonseca Rodrigues, 250 - Vila Franca, São Paulo - SP, 05776-500, Brazil",São Paulo,SP,05776-500,(11) 98330-8581,+55 11 98330-8581,,-23.638471499999998,-46.7471386,car_repair|point_of_interest|establishment
ChIJrXSs8UxXzpQRTiNQ_vKmBZo,Criscar Auto Electrical and Mechanical,"R. Carapina, 60 - Brooklin Novo, São Paulo - SP, 04557-060, Brazil",São Paulo,SP,04557-060,(11) 2366-9306,+55 11 2366-9306,https://criscarautos.com.br/,-23.6000604,-46.6853326,car_repair|point_of_interest|establishment
ChIJhZXS5bVZzpQRs7GAbcXR5hU,Ita Car Centro Automotivo,"R. Rocha, 261 - Bela Vista, São Paulo - SP, 01330-000, Brazil",São Paulo,SP,01330-000,(11) 3288-0312,+55 11 3288-0312,,-23.5585597,-46.649586299999996,car_repair|point_of_interest|establishment
ChIJv2hlMnJZzpQRt0u4rGVuJeU,Auto Giro,"Av. Paulista, 171 - Andar, 4 - Bela Vista, São Paulo - SP, 01311-904, Brazil",São Paulo,SP,01311-904,(69) 99927-7837,+55 69 99927-7837,https://www.lojaautogiro.com.br/,-23.570328,-46.646204,car_repair|point_of_interest|establishment
ChIJK1eAltlZzpQR6QeP3HTn3CM,Sibba Car Estética Automotiva,"R. Asdrúbal do Nascimento, 294 - Bela Vista, São Paulo - SP, 01316-030, Brazil",São Paulo,SP,01316-030,(11) 94774-8721,+55 11 94774-8721,,-23.5520869,-46.6379938,car_repair|point_of_interest|establishment
ChIJCcRYca5ZzpQRs2VbyR5-Ljc,Pitstop - Bela Vista,"R. Santo Amaro, 633 - Bela Vista, São Paulo - SP, 01315-001, Brazil",São Paulo,SP,01315-001,,,,-23.5552399,-46.6400575,car_repair|point_of_interest|establishment
ChIJGSUW_lFbzpQRpBDcaK6tlCs,Auto center universal mecanica em geral e ar condicionadoe cambio automatico e maual,"R. Ouvidor Peleja, 912 - Vila Mariana, São Paulo - SP, 04128-001, Brazil",São Paulo,SP,04128-001,(11) 5584-9472,+55 11 5584-9472,,-23.6030852,-46.6276991,car_repair|point_of_interest|establishment
ChIJURNm4HL4zpQRHX0H7dBqXyU,ACF Performance,"Av. Dr. Ricardo Jafet, 1050 - Ipiranga, São Paulo - SP, 04260-000, Brazil",São Paulo,SP,04260-000,(11) 98449-6047,+55 11 98449-6047,http://acfperformance.com/,-23.5853917,-46.618752199999996,car_repair|point_of_interest|establishment
ChIJo7sgZXhZzpQRAnG66MAbHuo,Speed Car NS,"R. Santo Antônio, 1218 - Bela Vista, São Paulo - SP, 01314-001, Brazil",São Paulo,SP,01314-001,(11) 93256-2303,+55 11 93256-2303,,-23.555386100000003,-46.648113099999996,car_repair|point_of_interest|establishment
ChIJ8bKkY1NFzpQRnpcOOW7ei2E,Fix Car Auto Peças e Serviços,"R. Hermenegildo Martini, 240 - Jardim Martini, São Paulo - SP, 04438-280, Brazil",São Paulo,SP,04438-280,(11) 5564-5267,+55 11 5564-5267,,-23.6749191,-46.6655198,car_repair|point_of_interest|establishment
ChIJQVsJ7bRZzpQR9ikwvTp2ric,Mecânica O-Car,"R. Santo Antônio, 1116 - Bela Vista, São Paulo - SP, 01314-001, Brazil",São Paulo,SP,01314-001,(11) 3104-7463,+55 11 3104-7463,,-23.554467199999998,-46.6477514,car_repair|point_of_interest|establishment
ChIJbUrqKBBZzpQRLdSWeqatjmU,Reycar Mooca,"R. Luís Gama, 185 - Mooca, São Paulo - SP, 03105-010, Brazil",São Paulo,SP,03105-010,(11) 3209-1166,+55 11 3209-1166,http://www.reycar.com.br/,-23.5552653,-46.6222782,car_repair|point_of_interest|establishment
ChIJdcfF5BZZzpQRu659dUfVe4U,Martelinho de Ouro,"R. da Mooca, 983 - Mooca, São Paulo - SP, 03104-000, Brazil",São Paulo,SP,03104-000,(11) 3208-7569,+55 11 3208-7569,,-23.553981,-46.6156663,car_repair|point_of_interest|establishment
ChIJ-RtYYJj4zpQRujB48k4RRCo,Euro Repar Car Service,"Av. Imperatriz Leopoldina, 1612 - Vila Leopoldina, São Paulo - SP, 05305-007, Brazil",São Paulo,SP,05305-007,,,,-23.534843199999997,-46.7274137,car_repair|point_of_interest|establishment
ChIJGUvl29RZzpQRJrllu9OpQ50,Target FitClub Brigadeiro,"Av. Brigadeiro Luís Antônio, 535 - Bela Vista, São Paulo - SP, 01317-000, Brazil",São Paulo,SP,01317-000,(11) 91852-6778,+55 11 91852-6778,https://www.google.com/search?q=target+fit+club+brigadeiro&oq=target&gs_lcrp=EgZjaHJvbWUqDwgAECMYJxjjAhiABBiKBTIPCAAQIxgnGOMCGIAEGIoFMhUIARAuGCcYrwEYxwEYgAQYigUYjgUyDggCEEUYOxhDGIAEGIoFMgYIAxBFGDsyEAgEEC4YxwEYsQMY0QMYgAQyBggFEEUYQTIGCAYQRRg8MgYIBxBFGEGoAgCwAgA&sourceid=chrome&ie=UTF-8,-23.555220799999997,-46.6389485,gym|health|sports_activity_location|point_of_interest|establishment
ChIJWwJmBABZzpQRoAp7tff0L_U,Academia SkyFit - Sé,"Praça da Sé, 250 - Centro Histórico de São Paulo, São Paulo - SP, 01001-000, Brazil",São Paulo,SP,01001-000,(11) 97571-3399,+55 11 97571-3399,https://skyfitacademia.com/unidade/praca-da-se-sp/,-23.551035499999998,-46.6346622,gym|sports_activity_location|health|point_of_interest|establishment
ChIJcc9F0IZZzpQRTTYmW7jXdTs,Pró3 Academia Liberdade,"Av. da Liberdade, 720 - Liberdade, São Paulo - SP, 01502-001, Brazil",São Paulo,SP,01502-001,(11) 93033-5310,+55 11 93033-5310,https://pro3academia.com.br/unidade-liberdade/,-23.559031299999997,-46.637632,gym|sports_activity_location|point_of_interest|health|establishment
ChIJwYg0Sk1YzpQR6hjT3vZVZTc,Academy Fitness Center,"R. Santo Antônio, 513 - República, São Paulo - SP, 01314-001, Brazil",São Paulo,SP,01314-001,(11) 95864-2607,+55 11 95864-2607,http://www.academiacentralfitness.com.br/,-23.5511975,-46.6433225,fitness_center|spa|sports_complex|gym|health|sports_activity_location|point_of_interest|establishment
ChIJ-eOaiLlZzpQR7WTPDKnXBUQ,SP/UP,"Av. Brigadeiro Luís Antônio, 1786 - Bela Vista, São Paulo - SP, 01318-002, Brazil",São Paulo,SP,01318-002,(11) 2609-4477,+55 11 2609-4477,,-23.563915299999998,-46.6464684,gym|health|sports_activity_location|point_of_interest|establishment
ChIJSR7OnrdZzpQRctPdhetrM4I,URB FITNESS,"R. Alm. Marques de Leão, 584 - Bela Vista, São Paulo - SP, 01330-010, Brazil",São Paulo,SP,01330-010,(11) 98766-9453,+55 11 98766-9453,http://www.urbfitness.com.br/,-23.561845299999998,-46.649055499999996,gym|health|sports_activity_location|point_of_interest|establishment
ChIJ28-ysUxYzpQROIxkTwA1b7o,GIBI Academia,"R. Santo Antônio, 800 - Bela Vista, São Paulo - SP, 01314-000, Brazil",São Paulo,SP,01314-000,(11) 3159-2283,+55 11 3159-2283,https://complexo9.com.br/,-23.5521413,-46.646136,gym|health|sports_activity_location|point_of_interest|establishment
ChIJu3URy7BZzpQRPK5iWnZjGR0,Academia Gaviões 24h - Paulista,"R. Treze de Maio, 812 - Bela Vista, São Paulo - SP, 01327-000, Brazil",São Paulo,SP,01327-000,(11) 3285-3269,+55 11 3285-3269,,-23.5604096,-46.646592,gym|sports_activity_location|health|point_of_interest|establishment
ChIJsxpUaadZzpQRO85pyPRoJ-g,Atividade Academia,"R. Conselheiro Furtado, 834 - Liberdade, São Paulo - SP, 01511-001, Brazil",São Paulo,SP,01511-001,(11) 2083-4849,+55 11 2083-4849,http://www.atividadeacademia.com.br/,-23.560532199999997,-46.6330111,gym|health|sports_activity_location|point_of_interest|establishment
ChIJD51XdNBZzpQRJvWSesq0FA0,Les Cinq Gym,"Alameda Lorena, 1004 - Jardins, São Paulo - SP, 01424-004, Brazil",São Paulo,SP,01424-004,(11) 2157-6765,+55 11 2157-6765,http://lescinqgym.com.br/,-23.567023,-46.6621445,gym|health|sports_activity_location|point_of_interest|establishment
ChIJxUP5R2dZzpQR6cO6lcaO48o,Academia vibefit matriz,"Rua Glicério, 26 - Liberdade, São Paulo - SP, 01415-000, Brazil",São Paulo,SP,01415-000,(11) 97986-3124,+55 11 97986-3124,http://vibefitacademia.com.br/,-23.55274,-46.627739,gym|health|sports_activity_location|point_of_interest|establishment
ChIJsbjKzUxYzpQRig6plXFEJqo,Academia BlueFit Centro 1,"R. Santo Antônio, 644 - Bela Vista, São Paulo - SP, 01314-000, Brazil",São Paulo,SP,01314-000,,,https://www.bluefit.com.br/unidade/centro-1,-23.551465600000004,-46.6447925,gym|sports_activity_location|health|point_of_interest|establishment
ChIJL4I7DDhZzpQRTcpo8qAxkDY,Gym Xtreme,"Av. Paulista, 1225 - Bela Vista, São Paulo - SP, 01310-930, Brazil",São Paulo,SP,01310-930,,,https://pay.kiwify.com.br/2p1Vf1D?afid=aq9WtQrD,-23.5639509,-46.6538659,gym|sports_activity_location|point_of_interest|health|establishment
ChIJNRFV7cpZzpQRTvLZNV2Mw-I,V10 Fitness,"R. Barata Ribeiro, 72 - Bela Vista, São Paulo - SP, 01308-000, Brazil",São Paulo,SP,01308-000,(11) 2737-4091,+55 11 2737-4091,https://www.v10academia.com/,-23.555732900000002,-46.6510542,gym|health|sports_activity_location|point_of_interest|establishment
ChIJp9PE57FZzpQR_PBCUNtAOvk,B Fitness Center,"R. Humaitá, 537 - Bela Vista, São Paulo - SP, 01321-010, Brazil",São Paulo,SP,01321-010,(11) 97787-6304,+55 11 97787-6304,,-23.5566967,-46.6421615,gym|sports_activity_location|health|point_of_interest|establishment
ChIJxRPIAqdZzpQR3l9TsvvgPsQ,Top Fit,"R. São Joaquim, 491 - Liberdade, São Paulo - SP, 01508-000, Brazil",São Paulo,SP,01508-000,(11) 96949-8717,+55 11 96949-8717,https://instagram.com/mansaomarombaliberdade,-23.5606463,-46.634287799999996,gym|sports_activity_location|point_of_interest|health|establishment
ChIJr9PuzTNXzpQRVrHI8zwK2ak,Humane Gym 24h - Vila Madalena,"R. Natingui, 946 - Vila Madalena, São Paulo - SP, 05443-001, Brazil",São Paulo,SP,05443-001,(11) 3031-8816,+55 11 3031-8816,https://humanegym.com.br/,-23.5547753,-46.697119199999996,fitness_center|gym|sports_activity_location|health|point_of_interest|establishment
ChIJk49vBFFZzpQRlStyoOh1hYE,ACELERA FITNESS ACADEMIA,"Av. Brigadeiro Luís Antônio, 306 - Bela Vista, São Paulo - SP, 01318-000, Brazil",São Paulo,SP,01318-000,(11) 98328-7943,+55 11 98328-7943,https://www.facebook.com/acelerafitnessacademia/,-23.5530401,-46.6382836,gym|sports_activity_location|health|point_of_interest|establishment
ChIJkSHEYZ9ZzpQRJp-dThDru84,Voi,"R. José Getúlio, 223 - Aclimação, São Paulo - SP, 01509-001, Brazil",São Paulo,SP,01509-001,(11) 3207-8843,+55 11 3207-8843,http://www.voifit.com.br/,-23.5675835,-46.635406499999995,gym|health|sports_activity_location|point_of_interest|establishment
ChIJXxM-6rpZzpQRqILrlbSQlyY,Academia Smart Fit - Bela Vista I,"R. Pedroso, 407 - Bela Vista, São Paulo - SP, 01322-010, Brazil",São Paulo,SP,01322-010,,,https://www.smartfit.com.br/academias/bela-vista/?utm_source=google&utm_medium=maps&utm_campaign=mirum-SPCBVT1,-23.562375,-46.642595,gym|sports_activity_location|health|point_of_interest|establishment
ChIJDTtF8UVYzpQR_iGU_V3yaY0,Target Fitclub Arouche,"R. Bento Freitas, 34 - Centro Histórico de São Paulo, São Paulo - SP, 01220-000, Brazil",São Paulo,SP,01220-000,(11) 93800-4648,+55 11 93800-4648,,-23.542128299999998,-46.645642599999995,gym|sports_activity_location|point_of_interest|health|establishment
ChIJrRAslq5ZzpQRxIvc7QGmGHE,Academia Smart Fit - Liberdade,"Av. da Liberdade, 902 - Liberdade, São Paulo - SP, 01502-001, Brazil",São Paulo,SP,01502-001,,,https://www.smartfit.com.br/academias/liberdade/?utm_source=google&utm_medium=maps&utm_campaign=mirum-SPCLBD1,-23.560426699999997,-46.6385745,gym|health|sports_activity_location|point_of_interest|establishment
ChIJjUutoPdZzpQRT-3hTs2OBMU,FreeGym - Academia de Graça,"Av. Paulista, 1471 - Bela Vista, São Paulo - SP, 01311-927, Brazil",São Paulo,SP,01311-927,(41) 93618-0115,+55 41 93618-0115,https://freegym.com.br/,-23.5626751,-46.6558894,gym|health|sports_activity_location|point_of_interest|establishment
ChIJMwrAnjJZzpQRPPZBvkiqOYQ,Academia Studio Burn Gym,"R. Jaguaribe, 204 - Santa Cecilia, São Paulo - SP, 01224-001, Brazil",São Paulo,SP,01224-001,(11) 97082-6751,+55 11 97082-6751,https://www.instagram.com/burngym_ct/,-23.541610000000002,-46.6498035,gym|sports_coaching|sports_complex|school|health|sports_activity_location|point_of_interest|establishment
ChIJEx4dbc1ZzpQRyIoy10dX0oI,Academia Bio Ritmo - Paulista (Conjunto Nacional),"Av. Paulista, 2073 - Terraço 2 - Bela Vista, São Paulo - SP, 01311-940, Brazil",São Paulo,SP,01311-940,(11) 99519-9630,+55 11 99519-9630,https://www.bioritmo.com.br/unidades/paulista?utm_source=clique&utm_medium=google&utm_campaign=acessogoogle,-23.5586445,-46.6600422,gym|health|sports_activity_location|point_of_interest|establishment
ChIJ-5Pyv9NZzpQRAvo9sk2V1oA,Academia Target Fit Club Higienópolis,"R. Aureliano Coutinho, 245 - Higienópolis, São Paulo - SP, 01224-020, Brazil",São Paulo,SP,01224-020,(11) 98644-4395,+55 11 98644-4395,https://www.instagram.com/targetfitclubhigienopolis/,-23.5422458,-46.6529732,gym|health|sports_activity_location|point_of_interest|establishment
ChIJRelpDAJZzpQRHfi24NnAi5Q,Academia vibefit filial,"R. Tabatinguera, 470 - Histórico de, São Paulo - SP, 01020-000, Brazil",São Paulo,SP,01020-000,(11) 97986-3124,+55 11 97986-3124,,-23.552294699999997,-46.6284389,fitness_center|gym|sports_activity_location|point_of_interest|health|establishment
ChIJQWaOJVNYzpQR1vCR3fpyMAA,Smart Fit,"Pq Anhangabaú, 350 - Centro Histórico de São Paulo, São Paulo - SP, 01007-040, Brazil",São Paulo,SP,01007-040,,,https://www.smartfit.com.br/academias/anhangabau/?utm_source=google&utm_medium=maps&utm_campaign=mirum-SPCCEN1,-23.5457489,-46.6363285,gym|health|sports_activity_location|point_of_interest|establishment
ChIJQzdQNcZZzpQR5jSscaGeN3M,Academy Fitness Station,"ss Hotel Intercontinental - Alameda Santos, 1123 - 2º - Jardim Paulista, São Paulo - SP, 01419-001, Brazil",São Paulo,SP,01419-001,(11) 3148-1037,+55 11 3148-1037,http://www.estacaofitness.com.br/,-23.5656733,-46.653935499999996,gym|sports_activity_location|point_of_interest|health|establishment
ChIJ79WFqi1YzpQRSgU6iZE4BNk,First Academia,"R. da Consolação, 3249 - Jardim Paulista, São Paulo - SP, 01416-001, Brazil",São Paulo,SP,01416-001,(11) 3063-3646,+55 11 3063-3646,https://www.firstacademia.com.br/,-23.5607834,-46.6681598,gym|physiotherapist|health|restaurant|food|sports_activity_location|point_of_interest|establishment
ChIJW55MRU5YzpQRJlJm6WRuW3A,Body Fit Gym,"Praça da República, 85 - República, São Paulo - SP, 01045-001, Brazil",São Paulo,SP,01045-001,(11) 96434-3140,+55 11 96434-3140,https://m.youtube.com/c/BODYFITBRASIL,-23.544798,-46.6440118,fitness_center|gym|health|sports_activity_location|point_of_interest|establishment
ChIJiZ6MexpZzpQRPWODa7vVYK8,Academia BlueFit Maria Antônia,"R. Maria Antônia, 162 - Vila Buarque, São Paulo - SP, 01222-010, Brazil",São Paulo,SP,01222-010,,,https://www.bluefit.com.br/unidade/maria-antonia,-23.546808700000003,-46.6500486,gym|health|sports_activity_location|point_of_interest|establishment
ChIJ0ajJiwZZzpQRLf5ZOxim51U,Hugo Paiva Fight Center,"R. Asdrúbal do Nascimento, 211 - Bela Vista, São Paulo - SP, 01316-030, Brazil",São Paulo,SP,01316-030,(11) 97862-4463,+55 11 97862-4463,,-23.5512588,-46.6379492,gym|health|sports_activity_location|point_of_interest|establishment
ChIJB66uS1JZzpQRc9rM7i0Dkfs,Target Fit (Mansão Maromba),"R. Augusta, 453 - Consolação, São Paulo - SP, 01305-000, Brazil",São Paulo,SP,01305-000,(11) 96394-2112,+55 11 96394-2112,,-23.551443900000002,-46.65037,gym|health|sports_activity_location|point_of_interest|establishment
ChIJiZmiob5ZzpQRExJa-EYVt3k,Competition Sports Club,"R. Cincinato Braga, 520 - Bela Vista, São Paulo - SP, 01333-010, Brazil",São Paulo,SP,01333-010,(11) 3149-9777,+55 11 3149-9777,http://www.competition.com.br/,-23.5668466,-46.6473076,gym|yoga_studio|fitness_center|swimming_pool|sports_complex|sports_activity_location|health|point_of_interest|establishment
ChIJB5vivsxZzpQRlhlFHli4pwE,Academia BlueFit Frei Caneca,"R. Frei Caneca, 1173 - Consolação, São Paulo - SP, 01309-010, Brazil",São Paulo,SP,01309-010,,,https://www.bluefit.com.br/unidade/frei-caneca,-23.5570181,-46.657105,gym|health|sports_activity_location|point_of_interest|establishment
ChIJnf5PR8_5zpQRfwu5ehuwC8c,Ironberg barra funda,"Rua Robert Bosch, 469 - Parque Industrial Tomas Edson, São Paulo - SP, 01141-010, Brazil",São Paulo,SP,01141-010,,,https://www.ironberg.com.br/,-23.521727499999997,-46.671264199999996,gym|sports_activity_location|health|point_of_interest|establishment
ChIJe3RVXZ9ZzpQRZMNyJ9Dm0Z0,Inner Choice Fitness Club,"R. Pires da Mota, 762 - Aclimação, São Paulo - SP, 01529-000, Brazil",São Paulo,SP,01529-000,(11) 3271-1888,+55 11 3271-1888,http://www.innerchoice.com.br/,-23.568091199999998,-46.6356648,gym|sports_activity_location|health|point_of_interest|establishment
ChIJ28RejpdZzpQRoWs2NEsGsdM,Academia CEMI,"R. Maestro Cardim, 1144 - Bela Vista, São Paulo - SP, 01323-001, Brazil",São Paulo,SP,01323-001,(11) 3206-7733,+55 11 3206-7733,http://www.academiacemi.com.br/,-23.571005500000002,-46.6421655,gym|sports_activity_location|sports_club|health|point_of_interest|establishment
ChIJrXGRqgJZzpQRtWUY0zzUC7M,Voi Fit Academia - Santa Cecília,"R. das Palmeiras, 329 - Vila Buarque, São Paulo - SP, 01226-010, Brazil",São Paulo,SP,01226-010,(11) 3667-8677,+55 11 3667-8677,http://www.voifit.com.br/,-23.5367954,-46.6520647,gym|sports_activity_location|health|point_of_interest|establishment
ChIJQ6F2erVZzpQRhPRQeDnRmV8,Complexo esportivo GymFitCros,"R. Barata Ribeiro, 23 - Bela Vista, São Paulo - SP, 01308-000, Brazil",São Paulo,SP,01308-000,(32) 99819-2314,+55 32 99819-2314,https://oklahomaconstructioncompany.com/contatos/,-23.5557734,-46.6506356,health|point_of_interest|establishment
ChIJ3x98-U9YzpQRh6G89bDm_rY,Academia BlueFit Centro 2,"Av. São João, 869 - República, São Paulo - SP, 01035-100, Brazil",São Paulo,SP,01035-100,,,https://www.bluefit.com.br/unidade/centro-2,-23.5415132,-46.642059499999995,gym|sports_activity_location|health|point_of_interest|establishment
ChIJFYw10NVZzpQRnurf_Yanx8w,ZION GYM ACADEMIA,"R. Visc. de Parnaíba, 681 - Brás, São Paulo - SP, 03045-000, Brazil",São Paulo,SP,03045-000,(11) 99292-0251,+55 11 99292-0251,https://www.instagram.com/ziongym_academia?igsh=dWh1djZ2MHlpbTA2&utm_source=qr,-23.5519085,-46.618393499999996,gym|health|sports_activity_location|point_of_interest|establishment
ChIJSatZjkBYzpQRH4uKWY-_OsI,CT Powergym Sta. Cecilia,"Alameda Glete, 1049 - Campos Elíseos, São Paulo - SP, 01215-001, Brazil",São Paulo,SP,01215-001,(11) 98951-7692,+55 11 98951-7692,http://www.facebook.com/CTPowerGym/,-23.537563199999997,-46.6504132,fitness_center|gym|sports_activity_location|health|point_of_interest|establishment
ChIJaS8yFrFZzpQRZ6aJcv7RV3o,Academia Orion,"R. Rui Barbosa, 313 - Bela Vista, São Paulo - SP, 01326-010, Brazil",São Paulo,SP,01326-010,(11) 3266-2645,+55 11 3266-2645,,-23.5582086,-46.645159299999996,sports_complex|gym|sports_coaching|health|sports_activity_location|point_of_interest|establishment
ChIJTUOO8yhZzpQRZ0vLarBxp58,Academia Loong Muay Thai Fitness,"R. Três de Dezembro, 43 - 6° andar - Centro Histórico de São Paulo, São Paulo - SP, 01014-020, Brazil",São Paulo,SP,01014-020,(11) 94922-1756,+55 11 94922-1756,https://loongmuaythai.com/,-23.546291999999998,-46.6338782,sports_complex|gym|sports_coaching|health|sports_activity_location|point_of_interest|establishment
ChIJqdsi9L9ZzpQRcXiNPHd6emI,Academia Smart Fit - Shopping Light,"R. Cel. Xavier de Toledo, 23 - República, São Paulo - SP, 01048-100, Brazil",São Paulo,SP,01048-100,,,https://www.smartfit.com.br/academias/shopping-light/?utm_source=google&utm_medium=maps&utm_campaign=mirum-SPCREP3,-23.5467807,-46.6386092,gym|health|sports_activity_location|point_of_interest|establishment
ChIJQR8xKLpZzpQR4-6B5YcvysA,"Fitness & Company | Roupa de Academia, Loja de Moda Fitness, Loja de Roupas Esportivas & Roupa de Academia Plus Size","Av. Brigadeiro Luís Antônio, 1810 - Bela Vista, São Paulo - SP, 01318-002, Brazil",São Paulo,SP,01318-002,(11) 98464-7997,+55 11 98464-7997,http://www.fitnessecompany.com.br/,-23.5639357,-46.6465811,clothing_store|sporting_goods_store|store|point_of_interest|establishment
ChIJyRUdljtYzpQRrcBUbgbYjCs,Bio Ritmo,"Piso Buenos Aires - Av. Higienópolis, 618 - Higienópolis, São Paulo - SP, 01238-000, Brazil",São Paulo,SP,01238-000,(11) 99519-9630,+55 11 99519-9630,https://www.bioritmo.com.br/unidades/shopping-patio-higienopolis?utm_source=clique&utm_medium=google&utm_campaign=acessogoogle,-23.5418067,-46.658247499999995,gym|health|sports_activity_location|point_of_interest|establishment
ChIJ2zteyadZzpQRzQhfN0A_V98,"Mandala Núcleo de Artes - Dança, Yoga, Canto, Teatro, Circo Aéreo em Liberdade - São Paulo","Av. da Liberdade, 574 - Loja 01 - Liberdade, São Paulo - SP, 01502-001, Brazil",São Paulo,SP,01502-001,(11) 97687-7378,+55 11 97687-7378,http://www.nucleomandala.com.br/,-23.557715299999998,-46.637020799999995,yoga_studio|fitness_center|gym|sports_complex|sports_activity_location|health|point_of_interest|establishment
ChIJ0c6FQfBZzpQRP2WTCL-UkvU,Academia Smart Fit - Baixo Augusta,"R. Augusta, 1053 - Consolação, São Paulo - SP, 01305-100, Brazil",São Paulo,SP,01305-100,,,https://www.smartfit.com.br/academias/baixo-augusta/?utm_source=google&utm_medium=maps&utm_campaign=mirum-SPCCON2,-23.5538393,-46.6555442,gym|sports_activity_location|health|point_of_interest|establishment
ChIJj2hsSAlXzpQRVLMRFRJMOnc,Bodytech - Shopping Eldorado,"Av. Rebouças, 3970 - Pinheiros, São Paulo - SP, 05402-918, Brazil",São Paulo,SP,05402-918,(11) 2197-7333,+55 11 2197-7333,http://www.bodytech.com.br/pinheiros--eldorado,-23.572357099999998,-46.6958847,gym|spa|sports_activity_location|point_of_interest|health|establishment
ChIJnfB_N1NZzpQREZ0LqP3FQhQ,Pure Pilates - Bixiga - Bela Vista,"R. Aguiar de Barros, 69 - Sobreloja 201 - Bela Vista, São Paulo - SP, 01316-020, Brazil",São Paulo,SP,01316-020,(11) 93800-7102,+55 11 93800-7102,https://www.purepilates.com.br/bixiga-bela-vista?utm_source=gmb,-23.5540752,-46.6393929,gym|sports_complex|health|sports_activity_location|point_of_interest|establishment
ChIJUYfZdplZzpQRkyzCpnAs0tM,Academia Target Fit - Cambuci,"R. do Lavapés, 1045 - Cambuci, São Paulo - SP, 01519-000, Brazil",São Paulo,SP,01519-000,(11) 95454-5631,+55 11 95454-5631,,-23.561660999999997,-46.622520099999996,fitness_center|gym|health|sports_activity_location|point_of_interest|establishment
ChIJ3TlvEX9ZzpQRp3f6yOiMcJA,Academia Smart Fit - Aclimação,"Av. da Aclimação, 350 - Cambuci, São Paulo - SP, 01531-000, Brazil",São Paulo,SP,01531-000,,,https://www.smartfit.com.br/academias/aclimacao/?utm_source=google&utm_medium=maps&utm_campaign=mirum-SPCCMB3,-23.5698644,-46.632849,gym|sports_activity_location|point_of_interest|health|establishment
ChIJCUU-lfJZzpQRWH_y_Y1PqAU,Academia de luta Diversity,"R. Conselheiro Carrão, 178 - 1 andar - Bela Vista, São Paulo - SP, 01328-000, Brazil",São Paulo,SP,01328-000,(11) 95216-7003,+55 11 95216-7003,,-23.557427399999998,-46.6440033,sports_coaching|sports_complex|gym|sports_activity_location|health|point_of_interest|establishment
ChIJtQD0z5JZzpQRjvUkEEX-nMY,Ultra,"R. Augusta, 1846 - Jardim Paulista, São Paulo - SP, 01412-000, Brazil",São Paulo,SP,01412-000,(11) 94024-2237,+55 11 94024-2237,http://ultraacademia.com.br/,-23.558729099999997,-46.661186199999996,gym|sports_activity_location|health|point_of_interest|establishment
ChIJzyumSa5ZzpQR86H9OmLq2Tk,Natação healthylife,"Av. Brigadeiro Luís Antônio, 781 - Bela Vista, São Paulo - SP, 01317-001, Brazil",São Paulo,SP,01317-001,(11) 97967-5784,+55 11 97967-5784,,-23.556921499999998,-46.6402248,school|health|point_of_interest|establishment
ChIJNZwJK8hZzpQR7lyhiDVogFY,Academia Total Fitness,"01331-010 - R. Sílvia, 416 - Cantinho do Céu, São Paulo - SP, 01331-010, Brazil",São Paulo,SP,01331-010,,,,-23.5613195,-46.651368999999995,gym|health|sports_activity_location|point_of_interest|establishment
ChIJ5UelysRZzpQRrPOGatKslCQ,Competition,"R. Pamplona, 1704 - Jardim Paulista, São Paulo - SP, 01405-002, Brazil",São Paulo,SP,01405-002,(11) 3884-2700,+55 11 3884-2700,http://tg.competition.com.br/,-23.570566,-46.661432399999995,gym|health|sports_activity_location|point_of_interest|establishment
ChIJa2o1kUpYzpQRT9XAQJ4c-5A,Frei Caneca Market,"R. Frei Caneca, 284 - Consolação, São Paulo - SP, 01307-000, Brazil",São Paulo,SP,01307-000,(11) 3151-2644,+55 11 3151-2644,http://www.comprebem.com.br/,-23.552163999999998,-46.65043,supermarket|grocery_store|food_store|food|store|point_of_interest|establishment
ChIJd4_UHkRPzpQRZei1uFqe7pc,SUPERMERCADO JARDIM LALLO LTDA,"Av. Aurélia Lopes Takano, 107 - JARDIM SATELITE, São Paulo - SP, 04809-050, Brazil",São Paulo,SP,04809-050,(11) 95216-1510,+55 11 95216-1510,,-23.555771399999998,-46.639557100000005,supermarket|grocery_store|food_store|food|store|point_of_interest|establishment
ChIJMXZJ7bRZzpQRwIlxZsNraBw,Mercado Saga,"R. Dr. Luís Barreto, 9 - Bela Vista, São Paulo - SP, 01328-020, Brazil",São Paulo,SP,01328-020,(11) 96687-9439,+55 11 96687-9439,,-23.5545179,-46.6475724,market|grocery_store|food_store|store|food|point_of_interest|establishment
ChIJQYhb8npZzpQRtjd717yK0Y8,RMC,"R. Galvão Bueno, 377 - Liberdade, São Paulo - SP, 01506-000, Brazil",São Paulo,SP,01506-000,,,,-23.5589409,-46.634951199999996,grocery_store|food_store|point_of_interest|store|food|establishment
ChIJASWijQdZzpQRhjDlCPR5jA4,Mercadinho Do Macarrão M.E,"R. dos Estudantes, 385 - Liberdade, São Paulo - SP, 01505-000, Brazil",São Paulo,SP,01505-000,(11) 94601-5418,+55 11 94601-5418,,-23.5552709,-46.6314231,supermarket|grocery_store|food_store|food|store|point_of_interest|establishment
ChIJb5Z_N6ZZzpQRXxOWbkWDz3Y,Supermercado Kanazawa,"R. Galvão Bueno, 377 - Liberdade, São Paulo - SP, 01506-000, Brazil",São Paulo,SP,01506-000,(11) 3207-1801,+55 11 3207-1801,,-23.558985699999997,-46.634943199999995,grocery_store|japanese_restaurant|food_store|restaurant|food|store|point_of_interest|establishment
ChIJ_RTiFblZzpQRiEvFnOtXJ3M,Pão de Açúcar,"Av. Brigadeiro Luís Antônio, 2013 - Bela Vista, São Paulo - SP, 01317-002, Brazil",São Paulo,SP,01317-002,0800 779 6761,+55 800 779 6761,https://www.paodeacucar.com/,-23.5655985,-46.6472324,supermarket|convenience_store|butcher_shop|market|bakery|grocery_store|food_store|food|store|point_of_interest|establishment
ChIJL0Lu4ahZzpQRIlNhisZoRzc,Empório Azuki,"R. Galvão Bueno, 16 - Liberdade, São Paulo - SP, 01506-000, Brazil",São Paulo,SP,01506-000,(11) 3271-3838,+55 11 3271-3838,https://www.instagram.com/emporioazuki/,-23.555690199999997,-46.6353072,supermarket|asian_grocery_store|grocery_store|food_store|japanese_restaurant|restaurant|food|store|point_of_interest|establishment
ChIJwXjUtq9ZzpQRwc8VoMdscrY,Extra Mercado,"R. Condessa de São Joaquim, 303 - Liberdade, São Paulo - SP, 01320-000, Brazil",São Paulo,SP,01320-000,0800 779 6761,+55 800 779 6761,https://www.clubeextra.com.br/,-23.557812100000003,-46.640107,supermarket|bakery|convenience_store|grocery_store|butcher_shop|food_store|market|point_of_interest|store|food|establishment
ChIJlx4Pz6hZzpQRogieAKCiBeI,Extra Mercado,"Av. da Liberdade, 455 - Liberdade, São Paulo - SP, 01503-001, Brazil",São Paulo,SP,01503-001,0800 779 6761,+55 800 779 6761,https://www.clubeextra.com.br/,-23.556994,-46.6361661,supermarket|butcher_shop|convenience_store|bakery|market|grocery_store|food_store|food|store|point_of_interest|establishment
ChIJ02WECqlZzpQRaNLYnCrKKvA,JIA HE,"R. da Glória, 132 - Liberdade, São Paulo - SP, 01510-000, Brazil",São Paulo,SP,01510-000,,,https://www.instagram.com/jiahechicken?igsh=MWExa3Z4Z2FleXRraQ==,-23.5543661,-46.634495099999995,supermarket|grocery_store|food_store|store|food|point_of_interest|establishment
ChIJwzFD4HlZzpQRtoiczJSnEek,Duque Supermercados - Liberdade,"R. Galvão Bueno, 364 - Liberdade, São Paulo - SP, 01506-000, Brazil",São Paulo,SP,01506-000,(11) 98763-7708,+55 11 98763-7708,https://lastlink.bio/duque,-23.5588776,-46.635149999999996,supermarket|grocery_store|food_store|food|store|point_of_interest|establishment
ChIJq6GhvaVZzpQRdpAy0GhuOcM,Carrefour Express São Joaquim,"Av. da Liberdade, 896 - Liberdade, São Paulo - SP, 01502-001, Brazil",São Paulo,SP,01502-001,(11) 3004-2222,+55 11 3004-2222,https://www.carrefour.com.br/localizador-de-lojas#crfimt=home%7Cshop%7Crodape%7CEncontre-uma-loja%7C26062024%7C3,-23.560303200000003,-46.6385535,supermarket|convenience_store|grocery_store|food_store|food|store|point_of_interest|establishment
ChIJm9vgIptZzpQRCBSwqH0KJDU,Pão de Açúcar,"R. Pedroso, 215 - Liberdade, São Paulo - SP, 01322-000, Brazil",São Paulo,SP,01322-000,0800 779 6761,+55 800 779 6761,https://www.paodeacucar.com/,-23.562900799999998,-46.6410438,supermarket|convenience_store|market|butcher_shop|bakery|grocery_store|food_store|food|store|point_of_interest|establishment
ChIJhW-XRKVZzpQRBe_9uFRG2dU,Casa Mart,"R. Dr. Rodrigo Silva, 80 - Centro Histórico de São Paulo, São Paulo - SP, 01501-010, Brazil",São Paulo,SP,01501-010,,,,-23.5544601,-46.6357917,supermarket|grocery_store|food_store|food|store|point_of_interest|establishment
ChIJcfE1DrNZzpQR5hnPkvhzt4w,BBR Supermercado - Atacado e Varejo,"R. Conselheiro Ramalho, 207 - Bela Vista, São Paulo - SP, 01325-001, Brazil",São Paulo,SP,01325-001,(11) 98102-1576,+55 11 98102-1576,,-23.5536083,-46.644754,supermarket|grocery_store|food_store|food|store|point_of_interest|establishment
ChIJu4HVba1ZzpQRgDskM28F4lQ,Mercado Trust Mart,"R. Santo Amaro, 246/250 - Bela Vista, São Paulo - SP, 01319-001, Brazil",São Paulo,SP,01319-001,(11) 3101-3568,+55 11 3101-3568,,-23.5519844,-46.6406889,supermarket|grocery_store|food_store|food|store|point_of_interest|establishment
ChIJIQg0Vk1YzpQRV_HxQXv7D_Y,Carrefour Express Santo Antônio,"R. Santo Antônio, 308 - Bela Vista, São Paulo - SP, 01312-000, Brazil",São Paulo,SP,01312-000,(11) 3004-2222,+55 11 3004-2222,http://carrefour.com.br/,-23.5502483,-46.641649699999995,supermarket|grocery_store|food_store|food|store|point_of_interest|establishment
ChIJmVb3S01YzpQRP2aklXoKapo,Dia Supermercado,"R. Santo Antônio, 471 - Bela Vista, São Paulo - SP, 01314-000, Brazil",São Paulo,SP,01314-000,0800 723 1470,+55 800 723 1470,https://www.dia.com.br/,-23.551109999999998,-46.6429664,supermarket|butcher_shop|grocery_store|bakery|food_store|wholesaler|store|food|point_of_interest|establishment
ChIJFZlBQwBZzpQRl0JV-Egn51Y,Supermercado Vovó Zuzu,"R. Dom Pedro II, 928 - Centro Histórico de São Paulo, São Paulo - SP, 01015-070, Brazil",São Paulo,SP,01015-070,(11) 3469-6900,+55 11 3469-6900,https://vovozuzusupermercados.com.br/,-23.548472399999998,-46.6304516,supermarket|grocery_store|food_store|store|food|point_of_interest|establishment
ChIJdfxnmk1YzpQRX6HipzUbx8g,Carrefour Express Consolação Centro,"R. da Consolação, 73 - Centro Histórico de São Paulo, São Paulo - SP, 01049-010, Brazil",São Paulo,SP,01049-010,(11) 3004-2222,+55 11 3004-2222,https://www.carrefour.com.br/localizador-de-lojas#crfimt=home%7Cshop%7Crodape%7CEncontre-uma-loja%7C26062024%7C3,-23.548041599999998,-46.642014599999996,supermarket|convenience_store|grocery_store|food_store|food|store|point_of_interest|establishment
ChIJd9H3mZFZzpQRj6tR4uVJoTA,Hirota Food Express,"R. Galvão Bueno, 278 - Liberdade, São Paulo - SP, 01506-000, Brazil",São Paulo,SP,01506-000,,,,-23.558067899999998,-46.635186399999995,supermarket|grocery_store|food_store|store|food|point_of_interest|establishment
ChIJaXvBILJZzpQRbQFieXYM7LQ,Dia Supermercado,"R. Maj. Diogo, 528 - Bela Vista, São Paulo - SP, 01324-000, Brazil",São Paulo,SP,01324-000,0800 723 1470,+55 800 723 1470,https://www.dia.com.br/,-23.555821599999998,-46.643015299999995,supermarket|butcher_shop|bakery|wholesaler|grocery_store|food_store|food|store|point_of_interest|establishment
ChIJwb7W561ZzpQRkzVnorKfuMU,oplay Mercado,"R. Santo Amaro, 538 - Bela Vista, São Paulo - SP, 01315-000, Brazil",São Paulo,SP,01315-000,(11) 3241-3800,+55 11 3241-3800,,-23.554411400000003,-46.6405276,supermarket|grocery_store|food_store|food|store|point_of_interest|establishment
ChIJKYDlUttZzpQRFI4hRaDPhS4,Carrefour,"R. Pamplona, 1704 - Jardim Paulista, São Paulo - SP, 01405-002, Brazil",São Paulo,SP,01405-002,(11) 3004-2222,+55 11 3004-2222,https://www.carrefour.com.br/localizador-de-lojas,-23.570324,-46.6612904,supermarket|grocery_store|food_store|food|store|point_of_interest|establishment
ChIJwXhebqlZzpQRg_zGnixiEW8,TOWA,"Praça da Liberdade, 113 - Liberdade, São Paulo - SP, 01503-010, Brazil",São Paulo,SP,01503-010,(11) 3105-4411,+55 11 3105-4411,http://towa.com.br/,-23.554754499999998,-46.6352482,asian_grocery_store|supermarket|grocery_store|food_store|point_of_interest|store|food|establishment
ChIJVS54sbJZzpQRXONPWawtbSg,San Sebastian,"Condomínio Edifício Urupes - Bela Vista, São Paulo - SP, 01319-001, Brazil",São Paulo,SP,01319-001,(11) 3101-3568,+55 11 3101-3568,,-23.551992499999997,-46.6406894,supermarket|grocery_store|food_store|point_of_interest|store|food|establishment
ChIJ9Y4SK7BZzpQR2LC73XUB3lo,Mercado Sempre Mais,"R. Humaitá, 348 - Bela Vista, São Paulo - SP, 01321-010, Brazil",São Paulo,SP,01321-010,(11) 3102-2125,+55 11 3102-2125,,-23.557980399999998,-46.641790099999994,supermarket|grocery_store|food_store|point_of_interest|store|food|establishment
ChIJWYqD_ahZzpQRybgoDmynJvY,Korea Mart,"R. dos Estudantes, 41 - Liberdade, São Paulo - SP, 01505-000, Brazil",São Paulo,SP,01505-000,(11) 3227-4444,+55 11 3227-4444,http://www.koreamart.com.br/,-23.555435199999998,-46.634778499999996,supermarket|asian_grocery_store|grocery_store|food_store|food|store|point_of_interest|establishment
ChIJKQ8YTU1YzpQRnpGkKXc-9iA,Mercado Lin Familia Feliz ltda,"R. Abolição, 107 - Bela Vista, São Paulo - SP, 01319-010, Brazil",São Paulo,SP,01319-010,(11) 3105-4986,+55 11 3105-4986,https://cardapio.saurus.net.br/958f9489-26dc-4a65-afda-ae7cce1c65a7,-23.5511688,-46.6425124,supermarket|grocery_store|food_store|food|store|point_of_interest|establishment
ChIJK7NvNqhZzpQRAEGN3IsGKnk,Emporium Sim Sim,"R. Conselheiro Furtado, 259 - Liberdade, São Paulo - SP, 01511-000, Brazil",São Paulo,SP,01511-000,(11) 97424-1055,+55 11 97424-1055,http://www.simsim.com.br/,-23.5551878,-46.6329035,supermarket|cafe|grocery_store|food_store|store|food|point_of_interest|establishment
ChIJKQlnQMRZzpQR21nCZUDJzeQ,Carrefour Express São Bento,"R. José Bonifácio, 254 - Sé, São Paulo - SP, 01003-000, Brazil",São Paulo,SP,01003-000,(11) 3004-2222,+55 11 3004-2222,https://www.carrefour.com.br/localizador-de-lojas#crfimt=home%7Cshop%7Crodape%7CEncontre-uma-loja%7C26062024%7C3,-23.5487717,-46.6368558,supermarket|convenience_store|grocery_store|food_store|point_of_interest|store|food|establishment
ChIJk6AYDrVZzpQRxw7Fnw06cS0,Dany Supermercado,"Praça Quatorze Bis, 26 - Bela Vista, São Paulo - SP, 01312-010, Brazil",São Paulo,SP,01312-010,(11) 3257-6285,+55 11 3257-6285,http://www.facebook.com/DanySupermercado,-23.5552594,-46.6496496,supermarket|grocery_store|food_store|food|store|point_of_interest|establishment
ChIJtYDZOLBZzpQRgis8hP-sFbg,Mercado Viver Bem,"R. Maj. Diogo, 874 - Bela Vista, São Paulo - SP, 01324-001, Brazil",São Paulo,SP,01324-001,(11) 2339-3568,+55 11 2339-3568,,-23.5590016,-46.642718699999996,supermarket|grocery_store|food_store|food|store|point_of_interest|establishment
ChIJ3XlnqltZzpQRbleUlireSjc,Múltypli Mercadinho,"R. Conselheiro Ramalho, 848 - Bela Vista, São Paulo - SP, 01325-001, Brazil",São Paulo,SP,01325-001,(11) 97549-4479,+55 11 97549-4479,,-23.559380599999997,-46.6443174,supermarket|grocery_store|food_store|food|store|point_of_interest|establishment
ChIJJRBnrVNYzpQRRbfEVPLs_7w,Carrefour Express Xavier de Toledo,"R. Cel. Xavier de Toledo, 83 - República, São Paulo - SP, 01048-100, Brazil",São Paulo,SP,01048-100,(11) 3004-2222,+55 11 3004-2222,https://www.carrefour.com.br/localizador-de-lojas#crfimt=home%7Cshop%7Crodape%7CEncontre-uma-loja%7C26062024%7C3,-23.5468316,-46.6390768,supermarket|convenience_store|grocery_store|food_store|food|store|point_of_interest|establishment
ChIJod9iRgBZzpQRTWWWw8_OsVI,supermarket,"Bela Vista, São Paulo - State of São Paulo, 01006-030, Brazil",São Paulo,SP,01006-030,,,,-23.555771399999998,-46.639557100000005,supermarket|grocery_store|food_store|store|food|point_of_interest|establishment
ChIJkTp10TZwVwERlo8F8fuLjSU,Mini Extra,"Av. Brigadeiro Luís Antônio - Bela Vista, São Paulo - SP, 01317-000, Brazil",São Paulo,SP,01317-000,0800 779 6761,+55 800 779 6761,https://www.clubeextra.com.br/,-23.554437099999998,-46.6387971,supermarket|convenience_store|butcher_shop|market|bakery|grocery_store|food_store|food|store|point_of_interest|establishment
ChIJl2V4Li5ZzpQRuKmsHnmHLsU,Mercado KL,"R. Martins Fontes, 159 - Consolação, São Paulo - SP, 01302-000, Brazil",São Paulo,SP,01302-000,(11) 3237-2519,+55 11 3237-2519,,-23.549020499999997,-46.64378060000001,supermarket|grocery_store|food_store|point_of_interest|store|food|establishment
ChIJgUZmRLFZzpQRxfrFM2mR0DQ,Mini Extra,"R. Rui Barbosa, 236 - Bela Vista, São Paulo - SP, 01326-010, Brazil",São Paulo,SP,01326-010,0800 779 6761,+55 800 779 6761,https://www.clubeextra.com.br/,-23.5575763,-46.645553,supermarket|butcher_shop|convenience_store|bakery|market|grocery_store|food_store|food|store|point_of_interest|establishment
ChIJ5YWT5aFZzpQRRyjIjFa-JT4,Emporium Hitomix,"R. José Getúlio, 239 - Liberdade, São Paulo - SP, 01219-010, Brazil",São Paulo,SP,01219-010,(11) 3207-3317,+55 11 3207-3317,https://www.emporiumhitomix.com.br/?fbclid=PAZXh0bgNhZW0CMTEAAaZOLGRWBytQpiTjlwwBvxdKGtSQGxMe8q7rMY5HPAMmrhSm8epUMbNUrv4_aem_09ec_3jH_Spj6SbzwryEHw,-23.5676296,-46.6351818,supermarket|grocery_store|food_store|store|food|point_of_interest|establishment
ChIJUwJX6sFZzpQRW064LofZ1NE,Pão de Açúcar,"Avenida Brig Luis Antonio 3126 - Jardim Paulista, São Paulo - SP, 01402-901, Brazil",São Paulo,SP,01402-901,0800 779 6761,+55 800 779 6761,https://www.paodeacucar.com/,-23.5728178,-46.6550702,supermarket|butcher_shop|convenience_store|grocery_store|market|bakery|food_store|store|food|point_of_interest|establishment
ChIJPeo5V7RZzpQRY8nndlQ3Pvo,Villa Market,"R. Manoel Dutra, 536 - Bela Vista, São Paulo - SP, 01328-010, Brazil",São Paulo,SP,01328-010,(11) 3104-5202,+55 11 3104-5202,,-23.5556045,-46.6482928,supermarket|grocery_store|food_store|point_of_interest|store|food|establishment
ChIJlWRgk6FZzpQRKEq-fLDVHFc,Carrefour Express Frei Caneca,"R. Frei Caneca, 1100 - Consolação, São Paulo - SP, 01307-002, Brazil",São Paulo,SP,01307-002,(11) 3004-2222,+55 11 3004-2222,https://www.carrefour.com.br/localizador-de-lojas,-23.5564062,-46.656976600000004,supermarket|convenience_store|grocery_store|food_store|food|store|point_of_interest|establishment
ChIJjWrJc61ZzpQR1snNBV51l9o,Mini Extra,"R. Santo Amaro, 283 - Bela Vista, São Paulo - SP, 01315-001, Brazil",São Paulo,SP,01315-001,0800 779 6761,+55 800 779 6761,https://www.clubeextra.com.br/,-23.5523044,-46.64055150000001,supermarket|butcher_shop|convenience_store|grocery_store|market|bakery|food_store|store|food|point_of_interest|establishment
ChIJr1uwvLFZzpQRU7JzeUpyLXQ,Mercado Sangallo,"R. Conselheiro Carrão, 114 - Bela Vista, São Paulo - SP, 01324-000, Brazil",São Paulo,SP,01324-000,(11) 2532-1533,+55 11 2532-1533,,-23.5574734,-46.6433495,supermarket|grocery_store|food_store|point_of_interest|store|food|establishment
ChIJzfv-47dZzpQR-MAy2ZRk4W4,Minuto Pão de Açúcar,"Alameda Ribeirão Preto, 466 - Bela Vista, São Paulo - SP, 01331-001, Brazil",São Paulo,SP,01331-001,0800 779 6761,+55 800 779 6761,https://www.paodeacucar.com/,-23.562451199999998,-46.6509242,supermarket|convenience_store|butcher_shop|market|bakery|grocery_store|food_store|food|store|point_of_interest|establishment
ChIJiXIN-ExYzpQR3y5qWTZQ8xw,Mini Extra,"R. Martins Fontes - Centro Histórico de São Paulo, São Paulo - SP, 01050-000, Brazil",São Paulo,SP,01050-000,0800 779 6761,+55 800 779 6761,https://www.clubeextra.com.br/,-23.5492167,-46.6446901,supermarket|convenience_store|butcher_shop|market|bakery|grocery_store|food_store|food|store|point_of_interest|establishment
ChIJFZFxGohZzpQRj5dWzBby640,Master Supermarkets (Vila Mariana),"R. Rio Grande, 450 - Vila Mariana, São Paulo - SP, 04018-001, Brazil",São Paulo,SP,04018-001,(11) 5081-6794,+55 11 5081-6794,https://grupomastersonda.com.br/master-supermercados,-23.5885525,-46.642432,supermarket|convenience_store|liquor_store|market|bakery|grocery_store|food_store|food|store|point_of_interest|establishment
ChIJKVsutUxYzpQR_gTW7DEplWs,Mini Extra,"R. Santo Antônio, 723 - Bela Vista, São Paulo - SP, 01314-000, Brazil",São Paulo,SP,01314-000,0800 779 6761,+55 800 779 6761,https://www.clubeextra.com.br/,-23.5520031,-46.6452317,supermarket|butcher_shop|convenience_store|bakery|market|grocery_store|food_store|food|store|point_of_interest|establishment
ChIJEf19BMpZzpQRj3-U1_Wug8U,Suzano,"Bela Vista, São Paulo - State of São Paulo, 01006-030, Brazil",São Paulo,SP,01006-030,,,,-23.555771399999998,-46.639557100000005,supermarket|grocery_store|food_store|food|store|point_of_interest|establishment
ChIJMTscZ65ZzpQR-LjGNunBIbk,Jugulê,"Rua Antônio Fernandes - Bela Vista, São Paulo - SP, 13872-301, Brazil",São Paulo,SP,13872-301,(19) 98706-4541,+55 19 98706-4541,http://jugule.com.br/,-23.555771399999998,-46.639557100000005,supermarket|grocery_store|food_store|store|food|point_of_interest|establishment
ChIJgcGfi6dZzpQRnx2RioCOv8U,Mercado Rodrigo,"Rua Barão de Iguape, 500 - Liberdade, São Paulo - SP, 01507-001, Brazil",São Paulo,SP,01507-001,(11) 96147-5169,+55 11 96147-5169,,-23.5583171,-46.6320912,supermarket|grocery_store|food_store|point_of_interest|store|food|establishment
ChIJf-oV8INZzpQRYveih28i-NQ,Mercado Cheiro de Amor,"Rua Conde de Sarzedas, 316 - Sé, São Paulo - SP, 01512-070, Brazil",São Paulo,SP,01512-070,(11) 3271-8853,+55 11 3271-8853,,-23.554280799999997,-46.6301564,supermarket|grocery_store|food_store|point_of_interest|store|food|establishment
ChIJY3TIxTRYzpQRBzmWfISRGSs,Extra Mercado,"R. Frei Caneca, 763 - Bela Vista, São Paulo - SP, 01307-001, Brazil",São Paulo,SP,01307-001,,,https://www.clubeextra.com.br/,-23.554454099999997,-46.654399,supermarket|grocery_store|food_store|food|store|point_of_interest|establishment
ChIJ4XNhA0xYzpQRjejMij3WwO0,Mini Extra,"Praça Franklin Roosevelt, 254 - Centro Histórico de São Paulo, São Paulo - SP, 01303-100, Brazil",São Paulo,SP,01303-100,(11) 3552-6211,+55 11 3552-6211,https://www.clubeextra.com.br/,-23.5476817,-46.6458444,supermarket|convenience_store|butcher_shop|market|bakery|grocery_store|food_store|food|store|point_of_interest|establishment
ChIJ9blWVLZZzpQRkT0cp_nu2VY,Dia Supermercado,"R. Alm. Marques de Leão, 400 - Bela Vista, São Paulo - SP, 01330-902, Brazil",São Paulo,SP,01330-902,0800 723 1470,+55 800 723 1470,https://www.dia.com.br/,-23.560188999999998,-46.6488958,supermarket|butcher_shop|grocery_store|bakery|food_store|wholesaler|store|food|point_of_interest|establishment
ChIJ0wP_LoJZzpQRTsvRFz-bUN8,Master Supermercados - Rua Pedroso,"R. Pedroso, 382 - Bela Vista, São Paulo - SP, 01322-060, Brazil",São Paulo,SP,01322-060,(11) 3459-5718,+55 11 3459-5718,https://grupomastersonda.com.br/master-supermercados,-23.5620543,-46.6424552,supermarket|convenience_store|market|bakery|grocery_store|food_store|food|store|point_of_interest|establishment
ChIJJyeZPDVYzpQRk7jskJSqNu0,Master Supermercados - Frei Caneca,"Rua Frei Caneca, 569, Loja 01, Pavimento Térreo Inferior - Consolação, São Paulo - SP, 01307-001, Brazil",São Paulo,SP,01307-001,(11) 3472-2200,+55 11 3472-2200,https://grupomastersonda.com.br/master-supermercados/,-23.5542136,-46.6525691,convenience_store|market|bakery|supermarket|grocery_store|food_store|food|store|point_of_interest|establishment
ChIJR_MH16tZzpQRPYGExyTDFXA,Carrefour Express,"Largo Sete de Setembro, 74 - Centro Histórico de São Paulo, São Paulo - SP, 01501-050, Brazil",São Paulo,SP,01501-050,(11) 3004-2222,+55 11 3004-2222,https://www.carrefour.com.br/localizador-de-lojas#crfimt=home%7Cshop%7Crodape%7CEncontre-uma-loja%7C26062024%7C3,-23.5530199,-46.634953599999996,supermarket|convenience_store|grocery_store|food_store|store|food|point_of_interest|establishment
ChIJAdZHv6lZzpQRQwUeWNhpz-4,吴胖食品店,"R. Conselheiro Furtado, 119 - Liberdade, São Paulo - SP, 01511-000, Brazil",São Paulo,SP,01511-000,,,,-23.5538803,-46.633047,supermarket|grocery_store|food_store|point_of_interest|store|food|establishment
ChIJLQbe1ftvVwERbC8MX7YRCGM,Supermarkets M & M,"R. Nestor Pestana, 42 - Consolação, São Paulo - SP, 01303-010, Brazil",São Paulo,SP,01303-010,(11) 3257-3826,+55 11 3257-3826,,-23.5479244,-46.6454808,supermarket|convenience_store|grocery_store|food_store|food|store|point_of_interest|establishment
ChIJnwpCWlNYzpQRZ6_G_Mzgr-4,Carrefour Express,"Rua Líbero Badaró, 130 São Paulo - SP CEP: - Centro Histórico de São Paulo, São Paulo - SP, 01008-000, Brazil",São Paulo,SP,01008-000,(11) 3004-2222,+55 11 3004-2222,https://www.carrefour.com.br/localizador-de-lojas#crfimt=home|shop|rodape|Encontre-uma-loja|26062024|3,-23.5484467,-46.6371464,supermarket|grocery_store|food_store|food|store|point_of_interest|establishment
ChIJnyG3wKlZzpQRPGj-K3fwjOM,Gordowu Mercearia Ltda,"R. Conselheiro Furtado, 119 - Liberdade, São Paulo - SP, 01511-000, Brazil",São Paulo,SP,01511-000,(11) 3104-9637,+55 11 3104-9637,,-23.5538803,-46.633047,grocery_store|supermarket|food_store|store|food|point_of_interest|establishment
ChIJR_PujUrk3JQRjWHH92NVmyU,"ECP - Auditoria, Contabilidade & Tributos.","R. Fernando Amaro, 280 - Alto da XV, Curitiba - PR, 80045-080, Brazil",Curitiba,PR,80045-080,(41) 3027-5303,+55 41 3027-5303,,-25.428286999999997,-49.2556823,lawyer|accounting|consultant|finance|point_of_interest|establishment
ChIJcVt3YxXk3JQRT09efjq_Lbs,Tower Management,"R. Mal. Deodoro, 630 - Conj.1408 - Centro, Curitiba - PR, 80010-010, Brazil",Curitiba,PR,80010-010,(41) 3018-3880,+55 41 3018-3880,http://torregestao.com.br/,-25.430256399999998,-49.266304,accounting|consultant|finance|point_of_interest|establishment
ChIJJ4BXIU3l3JQRQ2VTuaZmHfY,NANUVEM Contabilidade,"Alameda Pres. Taunay, 691 - Bigorrilho, Curitiba - PR, 80430-000, Brazil",Curitiba,PR,80430-000,(41) 99710-6466,+55 41 99710-6466,http://www.nanuvemcontabilidade.com.br/,-25.4337686,-49.2864726,accounting|finance|point_of_interest|establishment
ChIJLe4Ozafx3JQRyYTOxbR_hv0,Contabilidade Safe,"Edifício Neo Business - R. Heitor Stockler de França, 396 - Conj. 1208 - Centro Cívico, Curitiba - PR, 80030-030, Brazil",Curitiba,PR,80030-030,(41) 3180-0364,+55 41 3180-0364,https://contabilidadesafe.com.br/,-25.420227699999998,-49.268555299999996,accounting|consultant|finance|point_of_interest|establishment
ChIJrYmd_vTk3JQRdMgnwREahB4,STAFF CONTABILIDADE,"R. Pres. Faria, 421 - sala 91 - Centro, Curitiba - PR, 80020-290, Brazil",Curitiba,PR,80020-290,(41) 3528-3203,+55 41 3528-3203,https://staffcontabilidade.com/,-25.426752900000004,-49.268846599999996,consultant|accounting|finance|point_of_interest|establishment
ChIJq_v_iGrk3JQRS8bmAe-Gdsg,DFREITAS CONTABILIDADE,"Edifício Cristoforo Colombo - R. Conselheiro Laurindo, 459 - conj 61 e 62 - Centro, Curitiba - PR, 80060-100, Brazil",Curitiba,PR,80060-100,(41) 3322-9954,+55 41 3322-9954,http://www.dfreitascontabilidade.com.br/,-25.430802999999997,-49.2644938,accounting|finance|point_of_interest|establishment
ChIJuZDxnWvk3JQRvwQYH-CDuLQ,AF Contabilidade,"Av. Anita Garibaldi, 2590 - Sala 07 - Centro, Curitiba - PR, 82200-550, Brazil",Curitiba,PR,82200-550,(41) 3027-1154,+55 41 3027-1154,http://contabilidadeaf.com.br/,-25.432057,-49.268041499999995,accounting|consultant|finance|point_of_interest|establishment
ChIJUTm20LTl3JQRoeydpAgDjb0,Trend Contabilidade e Consultoria,"Av. Cândido de Abreu, 776 - Sala 1703 - Centro Cívico, Curitiba - PR, 80530-903, Brazil",Curitiba,PR,80530-903,(41) 3242-0340,+55 41 3242-0340,https://trendcont.com.br/,-25.4181477,-49.2681821,accounting|finance|point_of_interest|establishment
ChIJFdz_9OHl3JQRnuAkZvszr_Q,Get Contabilidade e Soluções Empresariais Ltda,"Av. Cândido de Abreu, 469 - sala 506 - Centro Cívico, Curitiba - PR, 82590-300, Brazil",Curitiba,PR,82590-300,(41) 3149-0018,+55 41 3149-0018,https://solucoesget.com.br/,-25.4200359,-49.269510100000005,consultant|accounting|finance|point_of_interest|establishment
ChIJ49L3Uz3k3JQRU9YQyfHD1Kw,Exacta Contabilidade,"R. Amintas de Barros, 922 - Alto da XV, Curitiba - PR, 80045-155, Brazil",Curitiba,PR,80045-155,(41) 3058-0931,+55 41 3058-0931,,-25.424717500000003,-49.257306199999995,consultant|accounting|finance|point_of_interest|establishment
ChIJU5gPd37j3JQRbfseStun5MU,ACE4Finance Contabilidade e Finanças Empresarial,"R. Bom Jesus, 212 - conjunto 1904 - Juvevê, Curitiba - PR, 80035-000, Brazil",Curitiba,PR,80035-000,(41) 97402-5425,+55 41 97402-5425,https://ace4finance.com.br/,-25.410983800000004,-49.2552044,accounting|finance|point_of_interest|establishment
ChIJVUXLgHLk3JQR9KFqSc787Ag,Gasparello Contabilidade - Contabilidade em Curitiba,"Rua Emiliano Perneta, 10 - Conjunto 1102 - Centro, Curitiba - PR, 80010-050, Brazil",Curitiba,PR,80010-050,(41) 3232-3581,+55 41 3232-3581,http://gasparellocontabilidade.com.br/,-25.433192899999998,-49.27271,accounting|finance|consultant|point_of_interest|establishment
ChIJZSRvSmvk3JQRmt3IN882IIE,Contabilidade Digital,"R. XV de Novembro, 550 - Centro, Curitiba - PR, 80020-310, Brazil",Curitiba,PR,80020-310,(42) 99938-1795,+55 42 99938-1795,https://www.dudacontabilidade.com/,-25.4296726,-49.267724799999996,accounting|consultant|finance|point_of_interest|establishment
ChIJC-zFBTrl3JQRIGh2fxIWMyw,Arruda Contabilidade Curitiba - ACC,"R. Sen. Xavier da Silva, 488 - Cj 407 - Centro Cívico, Curitiba - PR, 80530-980, Brazil",Curitiba,PR,80530-980,(41) 99159-3937,+55 41 99159-3937,,-25.421731899999997,-49.2699964,point_of_interest|accounting|finance|establishment
ChIJ6a8LSWvk3JQRz9ZiGPKuIfE,Contabilidade Sabim - Curitiba,"R. Pres. Faria, 51 - Sala 903 - Centro, Curitiba - PR, 80020-290, Brazil",Curitiba,PR,80020-290,(41) 3539-6136,+55 41 3539-6136,https://contabilidadesabim.com.br/,-25.429905899999998,-49.2678394,accounting|finance|point_of_interest|establishment
ChIJiQ07pxPk3JQR1NhKobosUKo,F. Marques Contabilidade,"Galeria Atravessa - R. São Francisco, 232 - Loja 14 - Centro, Curitiba - PR, 80020-190, Brazil",Curitiba,PR,80020-190,(41) 3223-8053,+55 41 3223-8053,http://fmarquescontabilidade.com.br/,-25.427871,-49.2705735,accounting|finance|point_of_interest|establishment
ChIJz3L7Fe-JGyoRjme8H64tP68,Tax & Contábil - Contabilidade,"R. Francisco Rocha, 62 - conj. 1403 - Batel, Curitiba - PR, 80420-130, Brazil",Curitiba,PR,80420-130,(41) 98724-4192,+55 41 98724-4192,https://taxecontabil.com.br/,-25.4449322,-49.2874273,accounting|finance|consultant|point_of_interest|establishment
ChIJWXUQshjl3JQRsNTGBKs2Jr0,Jô Contabilidade e Imposto de Renda,"R. Conselheiro Laurindo (Capital Shopping Centro) 600 - Loja 92 - Centro, Curitiba - PR, 80060-100, Brazil",Curitiba,PR,80060-100,(41) 3023-1292,+55 41 3023-1292,,-25.4319471,-49.264429199999995,accounting|finance|point_of_interest|establishment
ChIJUS2PGm3k3JQRSJh73qWhK9w,Maison Gestão e Contabilidade,"Al. Dr. Muricy, 542 2 - º andar - Centro, Curitiba - PR, 80010-120, Brazil",Curitiba,PR,80010-120,(41) 3324-8763,+55 41 3324-8763,http://www.maisongestao.com.br/,-25.4326164,-49.272040499999996,corporate_office|point_of_interest|accounting|finance|establishment
ChIJZycXxiLk3JQRzkHT6HBIq0A,Contabilidade Cipriani Juvevê,"Av. João Gualberto, 1138 - Juvevê, Curitiba - PR, 80030-001, Brazil",Curitiba,PR,80030-001,(41) 99204-4672,+55 41 99204-4672,,-25.417356000000002,-49.2623452,accounting|finance|point_of_interest|establishment
ChIJa6u1ov_k3JQRJsE9i3DdfVY,S Contab Escritório de Contabilidade Ltda,"Av. Prefeito Omar Sabbag, 1195 - Jardim Botânico, Curitiba - PR, 80210-000, Brazil",Curitiba,PR,80210-000,(41) 3363-7733,+55 41 3363-7733,http://www.scontab.com.br/,-25.442823699999998,-49.2453817,accounting|finance|point_of_interest|establishment
ChIJZ2wQxWjk3JQR12Q_l_jmhOo,Emprework Contabilidade,"Av. Sen. Souza Naves, 66 - Alto da XV, Curitiba - PR, 80045-060, Brazil",Curitiba,PR,80045-060,(41) 99827-0247,+55 41 99827-0247,https://www.empreworkcontabilidade.com.br/,-25.430762400000003,-49.2569059,accounting|consultant|finance|point_of_interest|establishment
ChIJ5a-_ganl3JQRkjT6Zem_4iQ,Munick Soluções - Auditoria e Contabilidade,"R. Fagundes Varela, 2067 - Bacacheri, Curitiba - PR, 82520-702, Brazil",Curitiba,PR,82520-702,(41) 3027-0755,+55 41 3027-0755,https://www.munick.com.br/,-25.4099519,-49.2221544,accounting|consultant|finance|point_of_interest|establishment
ChIJGcsm_EPk3JQRQk8BKnd5ZgA,Center Contábeis,"R. Gen. Carneiro, 1064 - Alto da Glória, Curitiba - PR, 80060-150, Brazil",Curitiba,PR,80060-150,(41) 3077-2888,+55 41 3077-2888,http://www.centercontabeis.com.br/,-25.431700199999998,-49.2591001,accounting|finance|point_of_interest|establishment
ChIJAQDss2rk3JQRkXpIw3Tcagg,Moura & Duda Contabilidade,"R. XV de Novembro, 964 - 3° andar - Centro, Curitiba - PR, 80060-000, Brazil",Curitiba,PR,80060-000,,,http://mouraedudacontabilidade.com.br/,-25.428731499999998,-49.264758699999994,point_of_interest|accounting|finance|establishment
ChIJDYmsdev73JQRHYXrRbzw7vo,Giacometti Contabilidade,"Av. Mal. Floriano Peixoto, 96 - 18º Andar Conj. 182 - Centro, Curitiba - PR, 80020-914, Brazil",Curitiba,PR,80020-914,(41) 98879-1236,+55 41 98879-1236,,-25.431473999999998,-49.2718983,point_of_interest|accounting|finance|establishment
ChIJ8Y2mqBDk3JQR6Z5aaQDIWSU,Sansores Assessoria Contabil,"Av. Cândido de Abreu, 427 - 14° andar - sala 1401 - Centro Cívico, Curitiba - PR, 80530-000, Brazil",Curitiba,PR,80530-000,(41) 3253-1430,+55 41 3253-1430,http://sansorescontabilidade.com.br/,-25.4204321,-49.269669199999996,accounting|consultant|finance|point_of_interest|establishment
ChIJvYeXSmvk3JQR_uptYIk-vrI,Curso Planejamento Tributário - Utilizando a Contabilidade para reduzir custos,"R. XV de Novembro, 621 - Centro, Curitiba - PR, 80020-925, Brazil",Curitiba,PR,80020-925,(41) 3372-9141,+55 41 3372-9141,,-25.4295626,-49.26804,accounting|consultant|finance|point_of_interest|establishment
ChIJmzyVY2rk3JQRzo-gYlHyKsw,Venturin Contabilidade,"R. Conselheiro Laurindo, 502 - Centro, Curitiba - PR, 80060-100, Brazil",Curitiba,PR,80060-100,(41) 3323-2475,+55 41 3323-2475,https://venturincontabil.com.br/noticias/tecnicas/2018/09/21/receita-suspende-cobranca-de-imposto-de-renda-sobre-auxilio-moradia.html,-25.4311693,-49.2646659,consultant|accounting|finance|point_of_interest|establishment
ChIJ0VlCIbDl3JQRoQG2Ag4YGSM,Soufix Contabilidade,"R. Heitor Stockler de França, 396 - Sala 204, 2º Andar - Centro Cívico, Curitiba - PR, 80030-030, Brazil",Curitiba,PR,80030-030,(41) 99809-4911,+55 41 99809-4911,https://soufixcontabilidade.com.br/,-25.4205212,-49.26797200000001,accounting|finance|point_of_interest|establishment
ChIJq_v_iGrk3JQRE4FtQy87wHA,J FOLADOR Contabilidade e Auditoria | Contabilidade em Curitiba,"Rua 24 de Maio, 411 - Centro, Curitiba - PR, 80230-080, Brazil",Curitiba,PR,80230-080,(41) 3013-1933,+55 41 3013-1933,http://jfolador.com.br/,-25.440586699999997,-49.272559199999996,consultant|accounting|finance|point_of_interest|establishment
ChIJT041csfl3JQR_9FNXNQDV4s,Mendes & Primão Contadores | Curitiba,"R. João Negrão, 731 - sala 2010 - Centro, Curitiba - PR, 80010-200, Brazil",Curitiba,PR,80010-200,(41) 99999-9659,+55 41 99999-9659,https://www.mepcontadores.com.br/,-25.4353734,-49.263753699999995,accounting|finance|point_of_interest|establishment
ChIJ7X_c2tzl3JQRyzrAdQ1C_cw,A & M Contabilidade,"R. Venezuela, 309 - sala 4 - Bacacheri, Curitiba - PR, 82510-100, Brazil",Curitiba,PR,82510-100,(41) 3257-0993,+55 41 3257-0993,,-25.408879499999998,-49.2386312,point_of_interest|accounting|finance|consultant|establishment
ChIJdyN3nWrk3JQRVqKdyRHyXEg,Escritório Contábil Manhattan,"Rua Tibagi - |, 294 - 15° andar | cj. 1505 - Centro, Curitiba - PR, 08060-110, Brazil",Curitiba,PR,08060-110,3014-6899,+55 30146899,,-25.4297303,-49.2639254,accounting|finance|point_of_interest|establishment
ChIJyW0FwFT9qYgRlLR4QhauS0s,Contabilidade para MEI @cnpjcontadora,"R. Dr. Manoel Pedro, 365 - sala 1007 - Cabral, Curitiba - PR, 80035-030, Brazil",Curitiba,PR,80035-030,(41) 99808-1855,+55 41 99808-1855,http://www.cnpjcontadora.com.br/,-25.407817599999998,-49.2541662,accounting|finance|point_of_interest|establishment
ChIJVVVl2m_k3JQRz6CfOvcuh4k,A3 Contabilidade,"Rua 24 de Maio, 262 - Centro, Curitiba - PR, 80230-080, Brazil",Curitiba,PR,80230-080,(41) 3018-8078,+55 41 3018-8078,,-25.4394141,-49.2735689,consultant|accounting|finance|point_of_interest|establishment
ChIJG--2NxHl3JQR3LSuLzsPrjU,RELAÇÃO CONTÁBIL LTDA,"R. Itupava, 465 - Alto da Glória, Curitiba - PR, 80060-272, Brazil",Curitiba,PR,80060-272,(41) 3022-0055,+55 41 3022-0055,http://www.relacaocontabil.com.br/,-25.422410799999998,-49.2558623,point_of_interest|accounting|finance|consultant|establishment
ChIJPQudK9Dl3JQRvVwAUG0ryeg,Groovy Contabilidade,"R. XV de Novembro, 964 - 3º andar - Centro, Curitiba - PR, 80060-000, Brazil",Curitiba,PR,80060-000,(41) 98446-7373,+55 41 98446-7373,https://groovybr.com/,-25.428679,-49.264746600000006,accounting|finance|point_of_interest|establishment
ChIJnd2a1Yvk3JQRq27QrNdUyQ0,Versátil Assessoria Contábil | Contabilidade em Curitiba,"R. Chile, 2086 - Conjunto 01 - Rebouças, Curitiba - PR, 80220-181, Brazil",Curitiba,PR,80220-181,(41) 3332-2290,+55 41 3332-2290,https://versatilnet.com.br/,-25.4518897,-49.2690647,consultant|accounting|finance|local_government_office|government_office|point_of_interest|establishment
ChIJocvJ5ETl3JQRrmkY_ka7ZBo,Letare Assessoria Contábil,"R. Ébano Pereira, 11 - Cjto. 1601, 16º Andar - Centro, Curitiba - PR, 80410-240, Brazil",Curitiba,PR,80410-240,(41) 3514-6184,+55 41 3514-6184,https://letare.com.br/,-25.4317241,-49.273857899999996,point_of_interest|accounting|finance|consultant|establishment
ChIJmdpDMQvk3JQR8QXT-LNXivQ,Contabilizei Escritório de Contabilidade em Curitiba,"R. Nunes Machado, 68 - 16º andar - Centro, Curitiba - PR, 80250-000, Brazil",Curitiba,PR,80250-000,,,https://www.contabilizei.com.br/?utm_source=google&utm_medium=organic&utm_campaign=GMBCuritiba,-25.4382655,-49.2755094,point_of_interest|accounting|finance|consultant|establishment
ChIJE4bWePbl3JQR4xUqMiXgUyA,Grupo Princípius Contabilidade,"R. Mário Do Amaral, 97 - Bairro Alto, Curitiba - PR, 82820-460, Brazil",Curitiba,PR,82820-460,(41) 99851-0440,+55 41 99851-0440,https://grupoprincipius.com.br/,-25.4169377,-49.222481699999996,consultant|accounting|finance|point_of_interest|establishment
ChIJFU4D5NDl3JQRzVOMasufx3o,Negrello Assessoria Contábil - Contabilidade Curitiba,"Tv. da Lapa, 96 - Centro, Curitiba - PR, 80010-190, Brazil",Curitiba,PR,80010-190,(41) 3018-9888,+55 41 3018-9888,https://negrellocontabil.com.br/,-25.435831800000003,-49.2651487,consultant|accounting|finance|point_of_interest|establishment
ChIJoUop9O_g3JQRZ47w-IAfZS4,ESCRADPAR - ADMINISTRAÇÃO CONTÁBIL,"R. Mal. Deodoro, 51 - conj 908A - Centro, Curitiba - PR, 80020-320, Brazil",Curitiba,PR,80020-320,(41) 3078-3750,+55 41 3078-3750,http://www.escradpar.com.br/,-25.4318245,-49.27191500000001,accounting|consultant|finance|point_of_interest|establishment
ChIJJ9HUTQrk3JQR4u02wiQUk3c,Excelência Contabilidade | Especializada em bares e restaurantes,"Rua - Alameda Augusto Stellfeld, 822 - Centro, Curitiba - PR, 80410-140, Brazil",Curitiba,PR,80410-140,(41) 3165-7000,+55 41 3165-7000,https://www.excelenciacontabilidade.com.br/,-25.4309554,-49.281936599999995,accounting|consultant|finance|point_of_interest|establishment
ChIJ-ziW0zDk3JQRaZrMPq37WUQ,Contabilidade Noce,"R. Atílio Bório, 1819 - Juvevê, Curitiba - PR, 80040-132, Brazil",Curitiba,PR,80040-132,(41) 3203-0706,+55 41 3203-0706,https://www.contabilidadenoce.com.br/,-25.418988,-49.2518457,accounting|finance|consultant|point_of_interest|establishment
ChIJZaWJul7l3JQR2JvOchk7kfY,Conflex,"R. XV de Novembro, 1155 - 10° ANDAR - Centro, Curitiba - PR, 80060-000, Brazil",Curitiba,PR,80060-000,(41) 3277-1313,+55 41 3277-1313,https://conflex.com.br/,-25.4276563,-49.2632012,accounting|consultant|finance|point_of_interest|establishment
ChIJoyn8WWDg3JQRhsHlQjIM-M4,International School of Curitiba,"Av. Dr. Eugênio Bertolli, 3900 - Santa Felicidade, Curitiba - PR, 82410-530, Brazil",Curitiba,PR,82410-530,(41) 3525-7400,+55 41 3525-7400,https://iscbrazil.com/,-25.3692438,-49.3270713,school|point_of_interest|establishment
ChIJ1cH6ASLk3JQRVsM8LtV2hO0,Colégio Integral,"R. Alberto Folloni, 220 - Centro Cívico, Curitiba - PR, 80530-300, Brazil",Curitiba,PR,80530-300,(41) 3027-2744,+55 41 3027-2744,http://www.colegiointegral.com.br/,-25.4134203,-49.2632106,school|point_of_interest|establishment
ChIJk44PlRbk3JQR1KEYcKvBPi0,Colégio Estadual do Paraná,"Av. João Gualberto, 250 - Centro, Curitiba - PR, 80030-000, Brazil",Curitiba,PR,80030-000,(41) 3234-5626,+55 41 3234-5626,http://www.cep.pr.gov.br/,-25.4230664,-49.2663969,school|government_office|point_of_interest|establishment
ChIJza4yCkTk3JQR6d-5pO5dfzc,Escola Cosmos,"R. Gen. Carneiro, 1149 - Centro, Curitiba - PR, 80060-150, Brazil",Curitiba,PR,80060-150,(41) 3013-2225,+55 41 3013-2225,https://cosmoscuritiba.com.br/,-25.4322442,-49.258338099999996,primary_school|school|point_of_interest|establishment
ChIJ108TKmrk3JQRR5gsK2tvicI,Course Access - Headquarters Emiliano,"Rua Emiliano Perneta, 566 - Centro, Curitiba - PR, 80420-080, Brazil",Curitiba,PR,80420-080,(41) 3023-0168,+55 41 3023-0168,https://colegioecursoelite.com.br/,-25.4362909,-49.2770088,school|point_of_interest|establishment
ChIJY9B_NIHh3JQRnJuCMr0QHf0,Red House International School Curitiba,"Rua Tobias de Macedo Júnior, 1036 - Santo Inácio, Curitiba - PR, 82010-340, Brazil",Curitiba,PR,82010-340,(41) 99214-4637,+55 41 99214-4637,https://redhouseschool.com.br/,-25.4259718,-49.329351599999995,preschool|child_care_agency|school|point_of_interest|establishment
ChIJRRL4VQTl3JQR8ddjHNDqDH8,Colégio Sesc Centro - Ensino Fundamental e Médio,"R. Pedro Ivo, 755 - Centro, Curitiba - PR, 80010-020, Brazil",Curitiba,PR,80010-020,,,https://www.sescpr.com.br/servico/colegio-sesc-centro-ensino-fundamental-e-medio/,-25.432256000000002,-49.26660660000001,secondary_school|school|point_of_interest|establishment
ChIJkTSQGPfj3JQRagfcw_TAFvk,Play School International Project,"Rua Padre Ludovico Bronny, 111 - Pilarzinho, Curitiba - PR, 82100-280, Brazil",Curitiba,PR,82100-280,(41) 99938-9516,+55 41 99938-9516,http://www.playschool.com.br,-25.402010999999998,-49.289428799999996,preschool|primary_school|school|child_care_agency|point_of_interest|establishment
ChIJrzaoJj7k3JQRWbdTg3k8v-Y,"College Sesi - Alto da Glória, Curitiba","R. Paula Gomes, 270 - Centro, Curitiba - PR, 80510-070, Brazil",Curitiba,PR,80510-070,(41) 3271-9938,+55 41 3271-9938,http://www.colegiosesi.org.br/,-25.4249647,-49.27230600000001,school|point_of_interest|establishment
ChIJ9WMHJA7k3JQREzwlmma7Hb4,Colégio Martinus - Unidade Centro,"R. Presidente Carlos Cavalcanti, 999 - São Francisco, Curitiba - PR, 80510-040, Brazil",Curitiba,PR,80510-040,(41) 3027-3737,+55 41 3027-3737,http://colegiomartinus.com.br/,-25.4252142,-49.2750059,school|point_of_interest|establishment
ChIJR5LtFL_m3JQRYUoSvxADYtE,Colégio do Bosque Mananciais (Unidade Bosque),"Rua José Kormann, 940 - São Lourenço, Curitiba - PR, 82200-440, Brazil",Curitiba,PR,82200-440,(41) 3042-1900,+55 41 3042-1900,http://bosquemananciais.org.br/,-25.392089799999997,-49.267169499999994,primary_school|school|point_of_interest|establishment
ChIJQxj-jQPi3JQR0IbNnPmVmE8,Positivo International School,"R. Prof. Pedro Viriato Parigot de Souza, 5300 - Ecoville, Curitiba - PR, 81280-330, Brazil",Curitiba,PR,81280-330,(41) 3526-6450,+55 41 3526-6450,https://colegiopositivo.com.br/unidades/internacional/,-25.444659299999998,-49.360272099999996,primary_school|school|point_of_interest|establishment
ChIJkasGr3Lk3JQR8DDErJIwFiE,Rui Barbosa Professional Education Center,"Av. Luiz Xavier, 75 - Centro, Curitiba - PR, 80020-020, Brazil",Curitiba,PR,80020-020,(41) 3222-8573,+55 41 3222-8573,http://www.colegioruibarbosa.com/,-25.432449,-49.2744534,point_of_interest|establishment
ChIJkYM5bmnk3JQRSQ3sTe_2l0M,GAMEscola,"R. Treze de Maio, 908 - São Francisco, Curitiba - PR, 80510-030, Brazil",Curitiba,PR,80510-030,(41) 3010-6001,+55 41 3010-6001,http://www.gamescola.com.br/,-25.4260599,-49.2749737,point_of_interest|establishment
ChIJGRGs8Fvl3JQRBoZ95RCGlrg,The Dream School,"Av. Sete de Setembro, 4698 - Sala 2201 - Batel, Curitiba - PR, 80240-000, Brazil",Curitiba,PR,80240-000,(41) 93618-2398,+55 41 93618-2398,https://thedream.com.br/,-25.443865499999998,-49.283966199999995,point_of_interest|establishment
ChIJJ8Vjgfzk3JQRjcToab6MrPY,Escola Nossa Senhora da Esperança,"R. Aquelino Orestes Baglioli, 155 - Prado Velho, Curitiba - PR, 80215-434, Brazil",Curitiba,PR,80215-434,(41) 99244-2624,+55 41 99244-2624,,-25.450806099999998,-49.247043299999994,school|point_of_interest|establishment
ChIJ8_dDSnvm3JQRDkzErg6XNl4,Colégio Interativa Curitiba,"R. José Antônio Leprevost, 331 - Santa Cândida, Curitiba - PR, 82640-070, Brazil",Curitiba,PR,82640-070,(41) 98814-8446,+55 41 98814-8446,http://www.escolainterativa.com/,-25.3777439,-49.2302533,school|point_of_interest|establishment
ChIJuwsu2bLm3JQRWLh1xSP3Bo8,Deutsche Schule Curitiba - German School of Curitiba,"Av. Desembargador Hugo Simas, 2001 - Bom Retiro, Curitiba - PR, 80520-250, Brazil",Curitiba,PR,80520-250,(41) 3123-5750,+55 41 3123-5750,http://www.dsc-curitiba.com/,-25.402147000000003,-49.283308399999996,preschool|primary_school|school|child_care_agency|point_of_interest|establishment
ChIJ7eU6ao3l3JQR2ONXGoQMXqA,CEAD Potty Lazarotto,"R. Pres. Faria, 625 - Centro, Curitiba - PR, 80020-290, Brazil",Curitiba,PR,80020-290,(41) 3322-4250,+55 41 3322-4250,http://www.ctaceebjapottylazarotto.seed.pr.gov.br/,-25.4250103,-49.269251999999994,point_of_interest|establishment
ChIJffYJtDHk3JQRe3OXAxzjIrQ,Colégio Passionista Nossa Senhora Menina,"R. Bom Jesus, 881 A - Cabral, Curitiba - PR, 80035-010, Brazil",Curitiba,PR,80035-010,(41) 3250-5600,+55 41 3250-5600,https://nossasenhoramenina.passionista.com.br/,-25.4150145,-49.2512615,school|point_of_interest|establishment
ChIJMQFG4ozj3JQRP-P7uwl3OAA,Colégio Estadual Júlia Wanderley,"Av. Vicente Machado, 1643 - Batel, Curitiba - PR, 80440-020, Brazil",Curitiba,PR,80440-020,(41) 3242-2512,+55 41 3242-2512,,-25.4394572,-49.2918707,school|government_office|point_of_interest|establishment
ChIJp37WCuPk3JQRGj98zBoVsWo,Colégio Medianeira,"Ac. à Avenida Gov. José Richa, 10546 - Prado Velho, Curitiba - PR, 81690-100, Brazil",Curitiba,PR,81690-100,(41) 3218-8000,+55 41 3218-8000,http://www.colegiomedianeira.g12.br/,-25.454094899999998,-49.2480602,point_of_interest|establishment
ChIJhy017pDj3JQR-KIcysKGJCc,College Marista Paranaense,"R. Bpo. Dom José, 2674 - Seminário, Curitiba - PR, 80440-080, Brazil",Curitiba,PR,80440-080,(41) 3016-2552,+55 41 3016-2552,https://paranaense.colegiosmaristas.com.br/,-25.447281999999998,-49.298133,school|point_of_interest|establishment
ChIJ-_aX45Dv3JQReVi2xjQ4BpQ,Swiss-Brazilian School of Curitiba,"R. Wanda dos Santos Mallmann, 537 - Centro, Pinhais - PR, 83323-400, Brazil",Pinhais,PR,83323-400,(41) 3525-9100,+55 41 3525-9100,https://chpr.aesb.com.br/,-25.4352129,-49.189919499999995,primary_school|preschool|child_care_agency|school|point_of_interest|establishment
ChIJlSj-fWzk3JQRAeTzswxszPY,A Grande Escola,"R. Saldanha Marinho, 1230 - Centro, Curitiba - PR, 80430-152, Brazil",Curitiba,PR,80430-152,(41) 99243-6819,+55 41 99243-6819,,-25.4329134,-49.283369,corporate_office|school|consultant|child_care_agency|point_of_interest|establishment
ChIJ3_wLP2vk3JQRD8EVJdhWnDw,Ferreira Machado Contabilidade,"R. Mal. Deodoro, 503 - Centro, Curitiba - PR, 80020-000, Brazil",Curitiba,PR,80020-000,(41) 3222-9961,+55 41 3222-9961,https://sites.google.com/view/fmachadocontabilidade/p%C3%A1gina-inicial,-25.4303436,-49.267618,consultant|accounting|finance|point_of_interest|establishment
ChIJZzUyjmTl3JQRqp9HYfHKbDI,Sercontiba | Contabilidade em Curitiba,"Edifício Bantiba - Av. Mal. Floriano Peixoto, 170 - Sala 1405 - Centro, Curitiba - PR, 80020-090, Brazil",Curitiba,PR,80020-090,(41) 99758-9432,+55 41 99758-9432,http://www.sercontiba.com.br/,-25.4319503,-49.271707799999994,accounting|consultant|finance|point_of_interest|establishment
ChIJG89wXWvn3JQRb36ow_rrTpU,Accoup Contabilidade,"R. Heitor Stockler de França, 396 - CJ 2202 - Centro Cívico, Curitiba - PR, 80030-030, Brazil",Curitiba,PR,80030-030,(41) 3093-5571,+55 41 3093-5571,https://accoup.com.br/,-25.420227699999998,-49.268555299999996,accounting|finance|point_of_interest|establishment
ChIJS50h54vjhGQROn1tw11pe3Q,Freitas Dressler Contabilidade,"R. Benjamin Constant, 67 - Cj. 1104 - Centro, Curitiba - PR, 80060-020, Brazil",Curitiba,PR,80060-020,(41) 98416-1990,+55 41 98416-1990,https://freitasdressler.com.br/,-25.4301003,-49.264164799999996,accounting|finance|point_of_interest|establishment
ChIJgwhTeIjj3JQRvXi4UMO5uAA,Major Consultoria e Contabilidade,"Av. Cândido de Abreu, 70 - Centro Cívico, Curitiba - PR, 80530-000, Brazil",Curitiba,PR,80530-000,(41) 3082-4780,+55 41 3082-4780,http://www.majorassessoria.com.br/,-25.4238856,-49.2696921,accounting|finance|point_of_interest|establishment
ChIJVduFZDTl3JQRA08Hx0rUHaw,PontoCom Consultoria Contabil,"R. Riachuelo, 102 - Centro, Curitiba - PR, 80020-250, Brazil",Curitiba,PR,80020-250,,,,-25.4292576,-49.26920390000001,accounting|finance|point_of_interest|establishment
ChIJGzW_cgjl3JQR1u8rGRB9GSA,Contabilidade Falavinha Inteligência Contábil,"R. Camões, 1753 - Hugo Lange, Curitiba - PR, 80040-180, Brazil",Curitiba,PR,80040-180,(41) 3030-7575,+55 41 3030-7575,https://falavinhacontabil.com.br/,-25.4154396,-49.2469253,accounting|finance|point_of_interest|establishment
ChIJCT0KEmrj3JQRZDkI1JbYcGo,RFaria Contabilidade,"R. Mal. Deodoro, 431 - sala 601 602 - Centro, Curitiba - PR, 80020-320, Brazil",Curitiba,PR,80020-320,(41) 3363-0809,+55 41 3363-0809,http://rfariacontabilidade.com.br/,-25.430597799999997,-49.2682261,accounting|consultant|finance|point_of_interest|establishment
ChIJfe4W7dbm3JQRDW4yuPbdWVY,CTBA Contabilidade,"R. Heitor Stockler de França, 396 - 14° Andar Conjunto 1407 - Centro Cívico, Curitiba - PR, 80030-030, Brazil",Curitiba,PR,80030-030,(41) 99672-7937,+55 41 99672-7937,http://www.ctbacontabilidade.com.br/,-25.420227699999998,-49.268555299999996,accounting|finance|point_of_interest|establishment
ChIJR0oYC_zJcygRXKp6EamhTos,Contarth Contabilidade e Consultoria,"Av. Visc. de Guarapuava, 2764 - Sala 609 - Centro, Curitiba - PR, 80010-100, Brazil",Curitiba,PR,80010-100,(41) 99785-6890,+55 41 99785-6890,http://www.contarth.com.br/,-25.4362188,-49.2685796,consultant|point_of_interest|establishment
ChIJY5NAC1Tl3JQRgIk88t_R4uo,Panek Pereira Contabilidade,"5 andar - R. Treze de Maio, 336 - sala 54 - Centro, Curitiba - PR, 80020-270, Brazil",Curitiba,PR,80020-270,(41) 3019-1520,+55 41 3019-1520,http://www.panekpereira.com.br/,-25.4271983,-49.269156699999996,accounting|finance|point_of_interest|establishment
ChIJj0KqvSfl3JQR0BsVkwa-WaQ,Denver Contábil - Contabilidade de fundos de investimento e instituições financeiras,"R. Gen. Carneiro, 680 - Centro, Curitiba - PR, 80060-150, Brazil",Curitiba,PR,80060-150,(41) 99829-6555,+55 41 99829-6555,http://denvercontabil.com.br/,-25.428622999999998,-49.26069,accounting|finance|point_of_interest|establishment
ChIJ28jdT5bm3JQRqV14z4QxlWI,Contabilidade Curitiba,"R. Newton França Bitencourt, 460 - Ahú, Curitiba - PR, 82200-270, Brazil",Curitiba,PR,82200-270,(41) 98841-3809,+55 41 98841-3809,http://www.contabilidadecuritiba.com/,-25.3957707,-49.2633679,accounting|consultant|finance|point_of_interest|establishment
ChIJA4JosQ7k3JQREAGwtCmRlDk,Domingues Contabilidade Curitiba,"R. Padre Anchieta, 47 - São Francisco, Curitiba - PR, 80410-030, Brazil",Curitiba,PR,80410-030,(41) 99780-0552,+55 41 99780-0552,https://whats.agr.br/Dominguescontabilidade,-25.4257837,-49.280589299999995,accounting|finance|consultant|point_of_interest|establishment
ChIJUQ6Gwmvk3JQRPeH6QhOUN0U,ASSESSORIA CONTÁBIL,"Rua Barão do Rio Branco, 63 Sala 202 CEP 80 - 010-180 - Centro, Curitiba - PR, 80010-180, Brazil",Curitiba,PR,80010-180,(41) 99108-3212,+55 41 99108-3212,http://cslfranquiacontabil.com.br/,-25.4335491,-49.2675324,accounting|finance|point_of_interest|establishment
ChIJjyqFDO7l3JQRvvE4Pgr3Kmw,Michelc Contabilidade,"R. Mal. Deodoro, 869 - sala 901 - Centro, Curitiba - PR, 80060-010, Brazil",Curitiba,PR,80060-010,(41) 3076-2565,+55 41 3076-2565,http://michelc.com.br/,-25.4289466,-49.2643723,point_of_interest|accounting|finance|establishment
ChIJC6kl_Rnk3JQRdC1DvOPWqtw,Audipex Auditoria e Contabilidade,"Av. Cândido de Abreu, 526 - cj 1510 B - Centro Cívico, Curitiba - PR, 80530-905, Brazil",Curitiba,PR,80530-905,(41) 99868-4111,+55 41 99868-4111,http://www.audipex.com.br/,-25.420047999999998,-49.2680503,consultant|accounting|finance|point_of_interest|establishment
ChIJW6BcO-Xl3JQRIfyRD9b3qfM,Maxima BPO - Escritório de Contabilidade em Curitiba,"Condomínio Edifício Atem - R. Des. Westphalen, 868 - Conjunto 601 - 6º Andar - Rebouças, Curitiba - PR, 80230-100, Brazil",Curitiba,PR,80230-100,(41) 3300-0445,+55 41 3300-0445,https://maximabpo.com.br/,-25.4402321,-49.2696091,accounting|consultant|finance|point_of_interest|establishment
ChIJ35Pskw_l3JQRZZ8c0KRKwYk,Nepomoceno Contabilidade,"R. Riachuelo, 102 - sala 131 - Centro, Curitiba - PR, 80020-250, Brazil",Curitiba,PR,80020-250,(41) 99693-3134,+55 41 99693-3134,,-25.429206399999998,-49.2692118,accounting|finance|point_of_interest|establishment
ChIJ7yx8d1XZ3JQRx4dC9V2KCGA,Ribas Contabilidade | Contabilidade em Curitiba - PR,"Av. Jaime Reis, 30 - Conj. 12 - São Francisco, Curitiba - PR, 80510-010, Brazil",Curitiba,PR,80510-010,(41) 99846-4625,+55 41 99846-4625,https://ribascontabilidade.com.br/,-25.427037000000002,-49.2742223,accounting|finance|point_of_interest|establishment
ChIJAQCwwGzk3JQReWNbjKt4nCg,Eggers Contabilidade em Curitiba,"R. Mal. Deodoro, 235 - Conjunto 1401 - Centro, Curitiba - PR, 80020-320, Brazil",Curitiba,PR,80020-320,(41) 3082-1498,+55 41 3082-1498,https://eggerscontabilidade.com.br/,-25.431269999999998,-49.2702427,consultant|accounting|finance|point_of_interest|establishment
ChIJocavHg3k3JQRfQutAjD4c-0,NCZ Contabilidade | Escritório Contábil em Curitiba,"R. Cruz Machado, 385 - Centro, Curitiba - PR, 80410-170, Brazil",Curitiba,PR,80410-170,(41) 3324-2829,+55 41 3324-2829,http://www.ncz.com.br/,-25.4309487,-49.2763212,consultant|accounting|finance|point_of_interest|establishment
ChIJqT3gYmrk3JQRzsgT2NrNdvA,Gonsalves Escritório de Contabilidade Curitiba,"Av. Visc. de Guarapuava, 2764 - Sala 711, 7º Andar - Centro, Curitiba - PR, 80010-100, Brazil",Curitiba,PR,80010-100,(41) 3027-2736,+55 41 3027-2736,http://www.gonsalvescontabilidade.com.br/,-25.4364232,-49.2686039,accounting|consultant|finance|point_of_interest|establishment
ChIJDyQoZHLk3JQR_69vqO1f-IQ,AECompany - Contabilidade | Tributos | Pessoal,"21° Andar - Edifício Hannover Empresarial - 80.420-210 - R. Visc. do Rio Branco, 1358 - Centro, Curitiba - PR, 80420-010, Brazil",Curitiba,PR,80420-010,(41) 3232-1494,+55 41 3232-1494,http://www.aecompany.com.br/,-25.4336971,-49.2797516,accounting|consultant|finance|point_of_interest|establishment
ChIJmeS1oI3l3JQR66fl0qHGRDM,Contabilidade Abreu,"R. Conselheiro Laurindo, 600 - 1601 - Centro, Curitiba - PR, 80060-100, Brazil",Curitiba,PR,80060-100,(41) 99835-5629,+55 41 99835-5629,,-25.431889100000003,-49.264406,point_of_interest|accounting|finance|establishment
ChIJsSOhucpZzpQR_rNAZC3wiM4,Colégio Bela Vista - Sistema de Ensino Objetivo,"R. Herculano de Freitas, 64 - Bela Vista, São Paulo - SP, 01308-020, Brazil",São Paulo,SP,01308-020,(11) 3258-1320,+55 11 3258-1320,http://www.colegiobelavistasp.com.br/,-23.5549063,-46.6521572,primary_school|preschool|child_care_agency|school|point_of_interest|establishment
ChIJKY7Kv7VZzpQR4i_m5F9d8D4,College Vital Brazil,"R. Rocha, 98 - Bela Vista, São Paulo - SP, 01330-000, Brazil",São Paulo,SP,01330-000,(11) 3565-0876,+55 11 3565-0876,https://colegiovitalbrazil.com.br/,-23.5570628,-46.650056199999995,primary_school|school|point_of_interest|establishment
ChIJwUFoONZZzpQR4Q_4w4lXTLI,Global Me School,"R. Colômbia, 66 - Jardim Paulista, São Paulo - SP, 01412-100, Brazil",São Paulo,SP,01412-100,(11) 95313-8008,+55 11 95313-8008,http://globalme.com.br/,-23.566534299999997,-46.669793999999996,school|point_of_interest|establishment
ChIJVbT_Lmj2zpQR1svV7m4cqJk,High Line American School,"Av. Nova Cantareira, 2724 - Tucuruvi, São Paulo - SP, 02340-000, Brazil",São Paulo,SP,02340-000,(11) 4240-5060,+55 11 4240-5060,http://cantareira.highlineschool.com.br/,-23.474503,-46.613059899999996,school|point_of_interest|establishment
ChIJk52AyTNazpQRoCpXFZfdSjA,Colégio Marista Arquidiocesano,"R. Domingos de Morais, 2565 - Vila Mariana, São Paulo - SP, 04035-001, Brazil",São Paulo,SP,04035-001,(11) 5081-8444,+55 11 5081-8444,https://arquidiocesano.colegiosmaristas.com.br/,-23.5990047,-46.6362242,school|point_of_interest|establishment
ChIJ2_ZRVM5ZzpQRA0zvp_FFBf8,Colégio Dante Alighieri,"Alameda Jaú, 1061 - Jardim Paulista, São Paulo - SP, 01420-002, Brazil",São Paulo,SP,01420-002,(11) 3179-4400,+55 11 3179-4400,http://www.colegiodante.com.br/,-23.5634584,-46.6590182,primary_school|school|point_of_interest|establishment
ChIJVddwfklRzpQRva9JZ1y2YGk,Graded - The American School of São Paulo,"Av. José Galante, 425 - Vila Suzana, São Paulo - SP, 05642-001, Brazil",São Paulo,SP,05642-001,(11) 3747-4800,+55 11 3747-4800,http://www.graded.br/,-23.620390699999998,-46.7352887,school|point_of_interest|establishment
ChIJnS5HNWdZzpQRjA09A-OJoRQ,College of St. Mauro,"R. Gaspar Fernandes, 170 - Ipiranga, São Paulo - SP, 01549-000, Brazil",São Paulo,SP,01549-000,(11) 2914-7022,+55 11 2914-7022,http://www.saomauro.com.br/,-23.5742902,-46.613813699999994,primary_school|school|point_of_interest|establishment
ChIJtWNZoeZXzpQRwwz94MzcrmQ,My School Fund Educação Infantil e Fundamental - Fundamental,"Rua Coronel Melo de Oliveira, 340 - Pompeia, São Paulo - SP, 05011-040, Brazil",São Paulo,SP,05011-040,(11) 91091-0123,+55 11 91091-0123,http://www.myschool.com.br/,-23.5332187,-46.685252899999995,primary_school|school|point_of_interest|establishment
ChIJ83hBumlZzpQRIWWY3fZQals,Campos grande são Paulo,"Bela Vista, São Paulo - State of São Paulo, 01006-030, Brazil",São Paulo,SP,01006-030,,,,-23.555771399999998,-46.639557100000005,primary_school|school|point_of_interest|establishment
ChIJvaWjV7xZzpQRcqvRhSclPBI,Instituto Educacional São Paulo - INTESP,"R. Treze de Maio, 1663 - Bela Vista, São Paulo - SP, 01327-001, Brazil",São Paulo,SP,01327-001,(11) 2364-8057,+55 11 2364-8057,,-23.5676813,-46.6441015,school|point_of_interest|establishment
ChIJWUy_mB5YzpQRkwmjdIq1e34,Santa Marcelina School - SP,"R. Cardoso de Almeida, 541 - Perdizes, São Paulo - SP, 05013-000, Brazil",São Paulo,SP,05013-000,(11) 3677-0600,+55 11 3677-0600,https://www.santamarcelina.edu.br/colegio/saopaulo/,-23.536132,-46.6661894,primary_school|school|point_of_interest|establishment
ChIJZ4ERHQBazpQR6FC6Wt3V0OA,Móbile School,"R. Araguari, 167 - Vila Uberabinha, São Paulo - SP, 04514-040, Brazil",São Paulo,SP,04514-040,(11) 5536-4402,+55 11 5536-4402,http://www.escolamobile.com.br/,-23.598710099999998,-46.669599299999994,secondary_school|primary_school|school|point_of_interest|establishment
ChIJJ5-D2TBWzpQRQvUHvLgoxNM,Santa Cruz School,"Av. Arruda Botelho, 255 - Alto de Pinheiros, São Paulo - SP, 05466-000, Brazil",São Paulo,SP,05466-000,(11) 3024-5199,+55 11 3024-5199,https://www.santacruz.g12.br/,-23.5504554,-46.717455,primary_school|school|point_of_interest|establishment
ChIJ48U20kpYzpQRdfSXLTeekVk,Stance Dual School,"R. Avanhandava, 682 - Bela Vista, São Paulo - SP, 01306-001, Brazil",São Paulo,SP,01306-001,(11) 3017-2780,+55 11 3017-2780,http://www.stance.com.br/,-23.552817599999997,-46.649538199999995,primary_school|preschool|child_care_agency|school|point_of_interest|establishment
ChIJX3lC63BXzpQRYtmm2J6g2oE,St. Paul's School,"R. Juquiá, 166 - Jardim Paulistano, São Paulo - SP, 01440-020, Brazil",São Paulo,SP,01440-020,(11) 3087-3399,+55 11 3087-3399,http://www.stpauls.br/,-23.5712291,-46.682155599999994,school|point_of_interest|establishment
ChIJhdL5ZW5bzpQRMKn-tXiE4Uo,GIS SP - The International School of São Paulo,"Alameda dos Jurupis, 485 - Moema, São Paulo - SP, 04088-000, Brazil",São Paulo,SP,04088-000,(11) 3900-8931,+55 11 3900-8931,http://www.gissaopaulo.com.br/,-23.603901399999998,-46.6590979,school|point_of_interest|establishment
ChIJp1VFQvNZzpQRf-MOMEOWGkg,Peak School - Escola de Ensino Fundamental I e II,"Rua dos Franceses, 350 Morro dos Ingleses - Bela Vista, São Paulo - SP, 01329-010, Brazil",São Paulo,SP,01329-010,(11) 2691-5934,+55 11 2691-5934,http://www.peakschool.com.br/,-23.561282799999997,-46.6480956,primary_school|school|point_of_interest|establishment
ChIJG8T6VpBZzpQRlRIN0v62pnA,Colégio Bandeirantes de São Paulo,"R. Estela, 268 - Vila Mariana, São Paulo - SP, 04011-001, Brazil",São Paulo,SP,04011-001,(11) 5087-3500,+55 11 5087-3500,https://www.colband.net.br/,-23.577764000000002,-46.643607499999995,school|point_of_interest|establishment
ChIJ-XJDrjJYzpQR6pq8RKGz4iI,"St. Louis College, Sao Paulo","Av. Dr. Dante Pazzanese, 295 - Vila Mariana, São Paulo - SP, 04012-180, Brazil",São Paulo,SP,04012-180,(11) 3138-9600,+55 11 3138-9600,https://www.saoluis.org/,-23.585659099999997,-46.651179899999995,primary_school|secondary_school|preschool|school|child_care_agency|point_of_interest|establishment
ChIJjZXUCo1ZzpQRdep-Gw_w_b4,International School,"R. Dr. Amâncio de Carvalho, 182 - Vila Mariana, São Paulo - SP, 04012-080, Brazil",São Paulo,SP,04012-080,(11) 5904-9221,+55 11 5904-9221,https://internationalschool.global/,-23.5835533,-46.649280499999996,school|point_of_interest|establishment
ChIJmyJCpjdYzpQRatpZjx8wNWA,Colégio Mackenzie,"R. Itambé, 145 - Higienópolis, São Paulo - SP, 01239-001, Brazil",São Paulo,SP,01239-001,(11) 2766-7600,+55 11 2766-7600,https://www.mackenzie.br/en/colegios/sao-paulo-higienopolis/,-23.5476505,-46.652933,secondary_school|school|point_of_interest|establishment
ChIJrZB0OUFazpQRkHjcSYMFF0c,Lycée Pasteur de São Paulo,"R. Mairinque, 256 - Vila Clementino, São Paulo - SP, 04037-020, Brazil",São Paulo,SP,04037-020,(11) 99358-3554,+55 11 99358-3554,https://liceu.startangloschool.com.br/,-23.5954473,-46.6383562,school|point_of_interest|university|establishment
ChIJiYKP71RYzpQR1UFcgW_n1CM,Colégio Meta Lux,"R. Taguá, 344/346 - Liberdade, São Paulo - SP, 01508-010, Brazil",São Paulo,SP,01508-010,(11) 3272-0420,+55 11 3272-0420,http://colegiometalux.com.br/,-23.562562999999997,-46.6367507,school|point_of_interest|establishment
ChIJYzhsf6JZzpQRvfo7R3c3Oz0,Saint Augustine College SP,"Praça Santo Agostinho, 79 - Aclimação, São Paulo - SP, 01533-070, Brazil",São Paulo,SP,01533-070,(11) 3388-2588,+55 11 3388-2588,https://csa.osa.org.br/,-23.568761499999997,-46.639058399999996,school|point_of_interest|establishment
ChIJ666pePpQzpQROQOLyvjjPbA,Brazilian International School,"Avenida Iraí, 1330 Planalto Paulista - Indianópolis, São Paulo - SP, 04082-003, Brazil",São Paulo,SP,04082-003,(11) 5502-5555,+55 11 5502-5555,http://www.colegiobis.com.br/,-23.6163524,-46.656424799999996,school|point_of_interest|establishment
ChIJd3qiFwJZzpQRRjoPKhfBTcg,State School São Paulo,"R. da Figueira, 500 - Brás, São Paulo - SP, 03003-000, Brazil",São Paulo,SP,03003-000,,,https://www.eedesaopaulo.com/,-23.5473482,-46.6276915,primary_school|secondary_school|school|government_office|point_of_interest|establishment
ChIJa73jsCNYzpQRql-H3b0OAXA,Red House International School Pacaembu,"R. Eng. Edgar Egídio de Sousa, 444 - Santa Cecilia, São Paulo - SP, 01233-020, Brazil",São Paulo,SP,01233-020,(11) 5194-8403,+55 11 5194-8403,https://redhouse.com.br/unidades/pacaembu.htm,-23.542756800000003,-46.6644538,preschool|child_care_agency|school|point_of_interest|establishment
ChIJM6EQu5dZzpQR4nDSsjJXj64,Immaculate Maria College,"Av. Bernardino de Campos, 79 - Paraíso, São Paulo - SP, 04004-041, Brazil",São Paulo,SP,04004-041,(11) 3283-2111,+55 11 3283-2111,https://www.cmisp.com.br/,-23.571911999999998,-46.6431876,school|point_of_interest|establishment
ChIJefVTK1RYzpQRDKJ3gF90n_w,Colégio de São Bento,"Largo São Bento, S/N - Centro Histórico de São Paulo, São Paulo - SP, 01029-010, Brazil",São Paulo,SP,01029-010,(11) 3328-8797,+55 11 3328-8797,http://www.colegiodesaobento.com.br/,-23.5436622,-46.6343239,school|point_of_interest|establishment
ChIJCaBcQFdYzpQRr1S6Y3O6ZVM,Colégio Bilingue Dexin,"R. Beneficência Portuguesa, 29 - Centro Histórico de São Paulo, São Paulo - SP, 01033-000, Brazil",São Paulo,SP,01033-000,(11) 3227-4386,+55 11 3227-4386,https://www.tiktok.com/@williamwei18,-23.540334899999998,-46.6356312,school|point_of_interest|establishment
ChIJucTJ2tNbzpQR34fCfBrqHJQ,Max School,"R. Francisco de Vitória, 145 - Jardim Vila Mariana, São Paulo - SP, 04115-010, Brazil",São Paulo,SP,04115-010,(11) 5575-4800,+55 11 5575-4800,http://www.maxschool.com.br/escolavilamariana,-23.5907236,-46.6278745,primary_school|preschool|child_care_agency|school|point_of_interest|establishment
ChIJ-Z92lLNZzpQR7JJsRlNkI68,Colégio J. R. Passalacqua,"Rua João Passalaqua, 207 - Bela Vista, São Paulo - SP, 01326-020, Brazil",São Paulo,SP,01326-020,(11) 2738-3019,+55 11 2738-3019,https://colegiosvicentinos.com.br/jr_passalacqua,-23.5549061,-46.645440199999996,secondary_school|primary_school|preschool|child_care_agency|school|point_of_interest|establishment
ChIJI7k2HxZYzpQR7otPq05vfxI,Red House International School Higienópolis,"R. Dr. Albuquerque Lins, 773 - Santa Cecilia, São Paulo - SP, 01230-001, Brazil",São Paulo,SP,01230-001,(11) 2309-7999,+55 11 2309-7999,https://redhouse.com.br/unidades/higienopolis.htm,-23.5365546,-46.6570312,school|point_of_interest|establishment
ChIJRZRcLNVRzpQRjvx3EIfs8ow,Colégio Humboldt São Paulo,"Av. Engenheiro Alberto Kuhlmann, 525 - Interlagos, São Paulo - SP, 04784-010, Brazil",São Paulo,SP,04784-010,(11) 5686-4055,+55 11 5686-4055,http://www.humboldt.com.br/,-23.6869524,-46.7093846,school|point_of_interest|establishment
ChIJLT-HoQpXzpQRjQ06qaBtN7g,Escola Curso de Cabelereiro Presencial - SOHO Academy,"R. da Glória, 615 - Liberdade, São Paulo - SP, 01510-000, Brazil",São Paulo,SP,01510-000,(11) 3813-9218,+55 11 3813-9218,http://sohohair.com.br/,-23.5586839,-46.633845199999996,nail_salon|hair_salon|hair_care|beauty_salon|school|point_of_interest|establishment
ChIJp8sGcmxZzpQRimdZAWS9LVg,Escola Futuro Vitay's,"Bela Vista, São Paulo - State of São Paulo, 01006-030, Brazil",São Paulo,SP,01006-030,,,,-23.555771399999998,-46.639557100000005,secondary_school|school|point_of_interest|establishment
ChIJzQc8NmZXzpQRG1U23Ga0jXE,Escola Concept São Paulo,"Av. Nove de Julho, 5520 - Jardim Paulista, São Paulo - SP, 01406-200, Brazil",São Paulo,SP,01406-200,(11) 94306-0768,+55 11 94306-0768,http://www.escolaconcept.com.br/,-23.5796704,-46.6781702,school|point_of_interest|establishment
ChIJ-UjWtKhZzpQRPrzo72zwLYY,FECAP,"Av. da Liberdade, 532 - Liberdade, São Paulo - SP, 01502-001, Brazil",São Paulo,SP,01502-001,(11) 3272-2222,+55 11 3272-2222,http://www.fecap.br/,-23.5572348,-46.6369578,school|university|point_of_interest|establishment
ChIJW0p4BxRYzpQRgR2SvHZKHZo,Institute of Education Sao Goncalo,"R. Lopes de Oliveira, 510/530 - Barra Funda, São Paulo - SP, 01152-010, Brazil",São Paulo,SP,01152-010,(11) 3666-5977,+55 11 3666-5977,http://www.saogoncalosp.com.br/,-23.531491199999998,-46.6555793,school|point_of_interest|establishment
ChIJw8Yo6xtZzpQRzcvHLU0Fx1E,Escola,"Liberdade, São Paulo - State of São Paulo, 01325-070, Brazil",São Paulo,SP,01325-070,,,,-23.5573694,-46.6376481,primary_school|school|point_of_interest|establishment
ChIJhxq0dkNQzpQRaWrUK8P0n6I,"The British College of Brazil, Chácara Flora Campus","R. Álvares de Azevedo, 50 - Chácara Flora, São Paulo - SP, 04671-040, Brazil",São Paulo,SP,04671-040,(11) 5547-3030,+55 11 5547-3030,https://www.nordangliaeducation.com/bcb-brazil?utm_source=google&utm_medium=organic&utm_campaign=Yext_GBM_AM002_10700932&y_source=1_MTA3MDA5MzItNzE1LWxvY2F0aW9uLndlYnNpdGU%3D,-23.656755999999998,-46.693830999999996,primary_school|secondary_school|school|point_of_interest|establishment
ChIJVVVVVaRZzpQRfOidN1yTfoI,CNA São Paulo - Liberdade,"Av. da Liberdade, 599 - Liberdade, São Paulo - SP, 01503-001, Brazil",São Paulo,SP,01503-001,(11) 94213-2239,+55 11 94213-2239,https://linktr.ee/cnaliberdade,-23.5580534,-46.6366963,school|point_of_interest|establishment
ChIJKa2g0e1XzpQRqonfX04GUes,Trails School - Ensino Fundamental Bilíngue,"Av. Prof. Alfonso Bovero, 478 - Perdizes, São Paulo - SP, 01254-000, Brazil",São Paulo,SP,01254-000,(11) 98200-6248,+55 11 98200-6248,http://www.trails.school/,-23.5414219,-46.682017599999995,university|primary_school|school|point_of_interest|establishment
ChIJZ8NbSGdYzpQRLXXHMdeTdVQ,of St. Agnes College,"Rua Três Rios, 362 - Bom Retiro, São Paulo - SP, 01123-000, Brazil",São Paulo,SP,01123-000,(11) 3334-9055,+55 11 3334-9055,http://www.colegiodesantaines.com.br/,-23.528746000000002,-46.6375237,secondary_school|school|point_of_interest|establishment
ChIJae4enLFZzpQRx0KM9wjRCIU,Tagarelinha Early Childhood School,"R. Monsenhor Passaláqua, 196 - Bela Vista, São Paulo - SP, 01323-010, Brazil",São Paulo,SP,01323-010,(11) 3266-6336,+55 11 3266-6336,https://tagarelinha.com.br/?evt-calendario=inicio-das-aulas,-23.5602947,-46.642028700000004,preschool|school|child_care_agency|point_of_interest|establishment
ChIJ5-0VEGZXzpQR5LE14JDMWEE,St. Francis College,"R. Joaquim Antunes, 678 - Pinheiros, São Paulo - SP, 05414-012, Brazil",São Paulo,SP,05414-012,(11) 3728-8050,+55 11 3728-8050,http://www.stfrancis.com.br/,-23.5623507,-46.6824083,school|point_of_interest|establishment
ChIJy7bGzQtXzpQRJcUxdX9k8Us,St. Nicholas School,"R. Marte, 333 - Pinheiros, São Paulo - SP, 05423-090, Brazil",São Paulo,SP,05423-090,(11) 3465-9650,+55 11 3465-9650,http://www.stnicholas.com.br/,-23.5716786,-46.6935309,school|point_of_interest|establishment
ChIJpeLkwK1ZzpQRnImdZ4qmaEI,E E Paulo Machado de Carvalho,"R. Aguiar de Barros, 160 - Bela Vista, São Paulo - SP, 01316-020, Brazil",São Paulo,SP,01316-020,(11) 3241-4006,+55 11 3241-4006,http://www.educacao.sp.gov.br/cgrh/escolas/paulo-machado-de-carvalho/,-23.5538514,-46.6403069,school|point_of_interest|establishment
ChIJmc8jjxhXzpQRt_d9jbCFuF0,"The British College of Brazil, Cidade Jardim Campus","Rua Engenheiro Oscar Americano, 630 - Cidade Jardim, São Paulo - SP, 05673-050, Brazil",São Paulo,SP,05673-050,(11) 3096-2424,+55 11 3096-2424,https://www.nordangliaeducation.com/bcb-brazil?utm_source=google&utm_medium=organic&utm_campaign=Yext_GBM_AM001_10700929&y_source=1_MTA3MDA5MjktNzE1LWxvY2F0aW9uLndlYnNpdGU%3D,-23.590050899999998,-46.702702699999996,primary_school|secondary_school|school|point_of_interest|establishment
ChIJC54Rxk1YzpQRBK7ngtdB4pU,Simple Education - Ensino bilíngue de alta performance,"Alameda Santos, 2395 - 12º e 13º andares - Jardim Paulista, São Paulo - SP, 01419-002, Brazil",São Paulo,SP,01419-002,(11) 3257-0040,+55 11 3257-0040,https://www.simpleeducation.com.br/,-23.557834500000002,-46.6630487,point_of_interest|establishment
ChIJuWTAf71XzpQRFFa67cygUZc,Colégio Etapa Vila Mariana,"Rua Vergueiro, 1951 - Vila Mariana, São Paulo - SP, 04101-000, Brazil",São Paulo,SP,04101-000,(11) 2187-1000,+55 11 2187-1000,https://www.colegioetapa.com.br/,-23.5793955,-46.639494,school|point_of_interest|establishment
ChIJZzHMK-xXzpQRd0M6MaK1JNI,Colégio Global,"Rua Apinajés, 1231 - Pompeia, São Paulo - SP, 01254-000, Brazil",São Paulo,SP,01254-000,(11) 3673-3577,+55 11 3673-3577,https://www.colegioglobal.com/,-23.5413483,-46.6827366,primary_school|school|point_of_interest|establishment
ChIJOenWrudZzpQRJoUydsObLAg,Colégio Mater Dei Bilingual Education,"Rua Marechal Bitencourt, 62 - Jardim Paulista, São Paulo - SP, 01432-020, Brazil",São Paulo,SP,01432-020,(11) 3887-0400,+55 11 3887-0400,https://colegiomaterdei.net/sp/,-23.5790597,-46.662777299999995,preschool|school|child_care_agency|point_of_interest|establishment
ChIJSRZABCJZzpQRQSa0HGShSUU,Escola Eleva São Paulo,"R. José Antônio Coelho, 819 - Vila Mariana, São Paulo - SP, 04011-062, Brazil",São Paulo,SP,04011-062,(11) 3336-3466,+55 11 3336-3466,https://www.escolaeleva.com.br/colegios/sao-paulo,-23.5815561,-46.6482904,school|point_of_interest|establishment
ChIJ0wOza7dZzpQRSapCGf8-tUM,Escola Pra Gente Pequena e Ensino Fundamental Julia Perroni,"Av. Brigadeiro Luís Antônio, 1308 - Bela Vista, São Paulo - SP, 01318-001, Brazil",São Paulo,SP,01318-001,(11) 3253-4546,+55 11 3253-4546,http://pragentepequena.com.br/,-23.560486299999997,-46.643672900000006,preschool|school|child_care_agency|point_of_interest|establishment
ChIJVx_sDmtZzpQRHK4ifgRxzA4,Umanitar Academy,"R. Carlos Comenale, 68 - Bela Vista, São Paulo - SP, 01332-030, Brazil",São Paulo,SP,01332-030,720 419 406,+420 720 419 406,http://www.umanitar.com/,-23.5613696,-46.6547513,school|point_of_interest|establishment
ChIJW7q0d6ZZzpQRxii1KgoX-LU,Colégio Adventista da Liberdade,"R. Taguá, 64 - Liberdade, São Paulo - SP, 01508-010, Brazil",São Paulo,SP,01508-010,(11) 3053-6800,+55 11 3053-6800,http://liberdade.educacaoadventista.org.br/,-23.5600043,-46.6369107,primary_school|school|point_of_interest|establishment
ChIJkQUI8pBZzpQRpyj61ibugcI,Infinity School São Paulo,"Edf Viking - Av. Paulista, 777 - Sala 12 - Bela Vista, São Paulo - SP, 01311-100, Brazil",São Paulo,SP,01311-100,0800 180 0001,+55 800 180 0001,https://infinityschool.com.br/unidades/,-23.5668056,-46.6506739,point_of_interest|establishment
ChIJv-_HhIdZzpQR8K8451jE18E,escola,"R. Topázio, 634 - Vila Mariana, São Paulo - SP, 04105-062, Brazil",São Paulo,SP,04105-062,,,https://www.casaubaia.com.br/,-23.575626699999997,-46.635056,school|child_care_agency|point_of_interest|establishment
ChIJwb-Et0RXzpQRkkUMMPDxJCk,Avenues São Paulo,"R. Pedro Avancine, 73 - Real Parque, São Paulo - SP, 05679-160, Brazil",São Paulo,SP,05679-160,(11) 2838-1800,+55 11 2838-1800,http://www.avenues.org/sp,-23.6051807,-46.700746099999996,school|point_of_interest|establishment
ChIJNwLhdLRZzpQRxTiJP1jLuZw,School Maria José,"R. Treze de Maio, 267 - Bela Vista, São Paulo - SP, 01327-000, Brazil",São Paulo,SP,01327-000,(11) 3106-5156,+55 11 3106-5156,https://orientacaotecnolog.wixsite.com/mariajose,-23.5558588,-46.646558999999996,school|government_office|point_of_interest|establishment
ChIJARBId7hZzpQRIToelgLRlEo,Colégio Objetivo Integrado,"Av. Paulista, 900 - Bela Vista, São Paulo - SP, 01310-100, Brazil",São Paulo,SP,01310-100,(11) 3170-3797,+55 11 3170-3797,https://www.objetivo.br/institucional/unidade/sp/sao-paulo/op-0501-paulista.aspx,-23.5648198,-46.650712899999995,primary_school|school|point_of_interest|establishment
ChIJKS7FnbNZzpQRL4oIJC3qNpM,Colégio Paulino e Paulino,"Rua João Passalaqua, 181 - Bela Vista, São Paulo - SP, 01326-020, Brazil",São Paulo,SP,01326-020,(11) 2667-5543,+55 11 2667-5543,http://www.colegiopaulinoepaulino.com.br/,-23.554596,-46.645371,school|point_of_interest|establishment